-- MySQL dump 10.13  Distrib 8.2.0, for Linux (aarch64)
--
-- Host: localhost    Database: mysql_db
-- ------------------------------------------------------
-- Server version	8.2.0

/*!40101 SET @OLD_CHARACTER_SET_CLIENT=@@CHARACTER_SET_CLIENT */;
/*!40101 SET @OLD_CHARACTER_SET_RESULTS=@@CHARACTER_SET_RESULTS */;
/*!40101 SET @OLD_COLLATION_CONNECTION=@@COLLATION_CONNECTION */;
/*!50503 SET NAMES utf8mb4 */;
/*!40103 SET @OLD_TIME_ZONE=@@TIME_ZONE */;
/*!40103 SET TIME_ZONE='+00:00' */;
/*!40014 SET @OLD_UNIQUE_CHECKS=@@UNIQUE_CHECKS, UNIQUE_CHECKS=0 */;
/*!40014 SET @OLD_FOREIGN_KEY_CHECKS=@@FOREIGN_KEY_CHECKS, FOREIGN_KEY_CHECKS=0 */;
/*!40101 SET @OLD_SQL_MODE=@@SQL_MODE, SQL_MODE='NO_AUTO_VALUE_ON_ZERO' */;
/*!40111 SET @OLD_SQL_NOTES=@@SQL_NOTES, SQL_NOTES=0 */;

--
-- Table structure for table `attendance`
--

DROP TABLE IF EXISTS `attendance`;
/*!40101 SET @saved_cs_client     = @@character_set_client */;
/*!50503 SET character_set_client = utf8mb4 */;
CREATE TABLE `attendance` (
  `attendance_id` int NOT NULL AUTO_INCREMENT,
  `attendance_date` datetime DEFAULT NULL,
  `status` varchar(25) DEFAULT NULL,
  `member_id` int DEFAULT NULL,
  `class_id` int DEFAULT NULL,
  PRIMARY KEY (`attendance_id`),
  KEY `member_id` (`member_id`),
  KEY `class_id` (`class_id`),
  CONSTRAINT `attendance_ibfk_1` FOREIGN KEY (`member_id`) REFERENCES `members` (`id`),
  CONSTRAINT `attendance_ibfk_2` FOREIGN KEY (`class_id`) REFERENCES `classes` (`class_id`)
) ENGINE=InnoDB AUTO_INCREMENT=497 DEFAULT CHARSET=utf8mb4 COLLATE=utf8mb4_0900_ai_ci;
/*!40101 SET character_set_client = @saved_cs_client */;

--
-- Dumping data for table `attendance`
--

LOCK TABLES `attendance` WRITE;
/*!40000 ALTER TABLE `attendance` DISABLE KEYS */;
INSERT INTO `attendance` VALUES (1,'2020-08-29 16:07:04','Present',1,1),(2,'2022-02-12 12:28:56','Absent',66,49),(3,'2020-07-15 01:07:23','Absent',20,16),(4,'2023-04-09 11:07:22','Absent',54,85),(5,'2022-12-06 22:14:00','Present',23,50),(6,'2022-02-26 09:46:39','Absent',32,85),(7,'2020-03-31 16:15:46','Present',58,21),(8,'2020-06-01 02:00:14','Absent',84,94),(9,'2023-02-18 19:14:10','Absent',38,81),(10,'2023-07-23 15:04:35','Absent',22,78),(11,'2023-07-12 12:01:18','Absent',14,50),(12,'2020-06-16 15:24:18','Absent',11,99),(13,'2023-01-31 20:47:26','Absent',79,9),(14,'2020-06-27 20:41:10','Present',66,62),(15,'2020-12-20 13:11:59','Absent',75,38),(16,'2021-03-14 06:47:16','Present',61,47),(17,'2022-06-29 21:48:21','Present',27,33),(18,'2023-07-26 05:45:09','Present',42,12),(19,'2020-10-16 08:19:35','Absent',56,74),(20,'2021-12-25 17:47:10','Absent',16,73),(21,'2020-04-09 20:11:45','Absent',31,29),(22,'2021-02-25 23:37:49','Absent',101,75),(23,'2020-07-31 01:27:25','Present',15,6),(24,'2020-11-20 06:36:22','Absent',54,73),(25,'2021-10-22 12:21:34','Absent',25,24),(26,'2020-02-11 09:38:17','Absent',30,29),(27,'2022-08-31 10:25:21','Absent',85,32),(28,'2020-09-11 00:58:01','Present',69,23),(29,'2023-09-25 15:41:07','Absent',18,55),(30,'2021-08-21 08:18:16','Absent',96,54),(31,'2023-11-19 01:22:44','Absent',4,66),(32,'2021-01-26 15:31:56','Absent',84,99),(33,'2021-05-19 18:21:22','Absent',49,41),(34,'2022-07-16 03:40:31','Present',64,47),(35,'2021-08-31 23:13:51','Absent',44,59),(36,'2021-12-05 09:35:49','Absent',25,99),(37,'2021-09-01 08:19:50','Present',92,39),(38,'2022-05-02 02:52:46','Present',65,66),(39,'2022-08-12 15:33:30','Absent',14,36),(40,'2020-10-05 10:18:13','Present',43,49),(41,'2023-04-24 20:08:39','Present',60,48),(42,'2021-05-01 19:56:35','Present',90,13),(43,'2023-10-25 16:05:00','Present',40,99),(44,'2023-03-19 02:51:00','Present',29,69),(45,'2023-10-17 09:49:33','Present',20,55),(46,'2020-09-27 16:30:23','Absent',32,30),(47,'2021-09-30 23:22:29','Absent',32,87),(48,'2021-08-12 07:43:16','Present',43,40),(49,'2022-04-12 13:13:46','Present',79,99),(50,'2021-02-27 11:37:12','Absent',21,66),(51,'2020-05-03 18:32:35','Present',43,69),(52,'2023-06-16 12:25:31','Absent',32,81),(53,'2022-10-19 16:38:14','Absent',84,20),(54,'2020-12-17 00:22:21','Present',5,90),(55,'2022-02-21 12:37:59','Present',8,35),(56,'2020-09-29 22:12:32','Present',97,37),(57,'2020-04-02 05:15:07','Present',17,77),(58,'2022-09-05 21:05:11','Absent',67,5),(59,'2023-01-13 03:41:14','Absent',98,7),(60,'2021-01-24 23:26:37','Absent',58,35),(61,'2021-06-03 06:08:04','Present',20,24),(62,'2020-02-19 12:15:33','Absent',4,85),(63,'2023-08-15 16:12:12','Present',71,48),(64,'2022-10-19 09:23:02','Present',80,50),(65,'2021-05-02 19:16:50','Absent',1,89),(66,'2021-02-15 13:23:36','Present',88,48),(67,'2020-01-22 08:43:14','Present',95,42),(68,'2023-06-08 21:24:11','Present',18,56),(69,'2020-11-18 15:49:47','Present',100,79),(70,'2023-09-18 03:08:30','Present',54,31),(71,'2023-05-17 02:23:36','Absent',71,70),(72,'2023-11-07 09:41:48','Present',34,91),(73,'2020-05-22 16:44:40','Present',22,99),(74,'2022-06-28 01:37:42','Absent',52,36),(75,'2023-03-11 13:10:05','Present',39,35),(76,'2023-09-18 08:56:37','Absent',74,64),(77,'2021-07-02 10:58:35','Present',56,40),(78,'2020-07-26 15:25:25','Absent',68,47),(79,'2021-01-23 02:01:28','Present',6,68),(80,'2023-08-20 18:55:41','Absent',28,65),(81,'2020-03-10 20:55:48','Present',71,41),(82,'2021-06-13 22:50:54','Absent',58,95),(83,'2023-11-17 09:39:47','Present',50,3),(84,'2023-02-13 07:08:05','Present',34,99),(85,'2020-08-06 23:37:48','Absent',27,22),(86,'2022-07-22 01:14:49','Absent',37,33),(87,'2021-08-03 19:30:45','Absent',83,95),(88,'2023-11-15 20:06:22','Absent',50,9),(89,'2023-09-10 11:40:47','Absent',78,56),(90,'2023-04-12 16:40:38','Present',16,19),(91,'2021-04-14 05:03:11','Absent',98,84),(92,'2023-01-29 06:17:58','Absent',65,3),(93,'2022-07-11 07:47:10','Present',89,62),(94,'2022-03-09 04:58:16','Absent',76,74),(95,'2020-10-13 07:00:11','Absent',10,4),(96,'2020-12-22 11:38:56','Present',34,18),(97,'2021-12-01 06:56:13','Present',29,34),(98,'2023-08-30 19:11:01','Absent',31,33),(99,'2021-02-06 18:55:12','Absent',92,18),(100,'2021-04-24 16:07:13','Present',52,83),(101,'2020-11-27 03:12:26','Present',18,6),(102,'2021-01-23 14:58:34','Absent',31,129),(103,'2020-07-10 09:11:00','Present',131,86),(104,'2020-08-24 16:10:58','Absent',66,1),(105,'2020-06-24 21:42:53','Absent',123,92),(106,'2021-06-04 03:55:23','Absent',7,34),(107,'2020-08-28 14:17:49','Present',35,171),(108,'2023-11-22 12:26:32','Present',152,13),(109,'2022-02-22 21:54:28','Present',156,56),(110,'2023-03-21 20:55:18','Present',149,72),(111,'2023-06-03 07:42:21','Present',46,81),(112,'2021-04-08 11:41:11','Absent',100,82),(113,'2020-08-18 05:31:21','Present',100,80),(114,'2020-04-19 20:23:11','Present',22,87),(115,'2020-06-23 11:24:44','Absent',160,82),(116,'2020-10-06 14:32:32','Present',82,183),(117,'2021-08-07 07:53:29','Present',102,116),(118,'2023-07-26 14:26:23','Present',86,190),(119,'2021-06-11 20:28:10','Present',170,133),(120,'2020-07-11 17:45:59','Present',59,167),(121,'2023-08-23 00:22:30','Present',55,10),(122,'2023-07-12 08:04:03','Absent',9,158),(123,'2022-11-21 07:55:12','Absent',150,65),(124,'2021-03-19 07:40:30','Absent',157,193),(125,'2021-07-25 22:13:13','Present',21,160),(126,'2022-10-19 13:40:35','Present',120,118),(127,'2020-08-12 21:35:31','Absent',139,141),(128,'2020-12-02 03:48:17','Absent',169,165),(129,'2021-07-05 15:38:23','Absent',56,191),(130,'2021-04-04 19:45:22','Absent',86,123),(131,'2020-06-03 20:43:02','Present',142,1),(132,'2023-06-27 03:07:07','Present',80,111),(133,'2021-10-07 13:01:04','Absent',164,123),(134,'2023-03-29 02:22:09','Absent',86,51),(135,'2023-01-13 22:18:45','Present',126,48),(136,'2022-01-06 11:49:55','Present',79,100),(137,'2023-08-07 23:22:18','Present',2,62),(138,'2022-12-04 16:31:09','Absent',61,197),(139,'2020-11-10 00:12:16','Absent',119,119),(140,'2021-03-02 19:57:56','Absent',111,55),(141,'2021-09-19 01:21:31','Present',107,188),(142,'2022-06-23 17:07:34','Present',125,18),(143,'2021-11-01 16:49:38','Absent',152,47),(144,'2020-10-30 09:04:50','Present',71,108),(145,'2023-11-08 17:19:01','Absent',46,151),(146,'2020-11-01 22:49:46','Absent',100,179),(147,'2021-02-09 22:36:58','Absent',138,163),(148,'2022-12-30 03:38:23','Present',179,176),(149,'2020-06-10 21:54:05','Absent',124,67),(150,'2022-01-14 08:09:35','Absent',193,180),(151,'2022-08-25 20:36:28','Absent',192,8),(152,'2021-01-12 18:07:30','Absent',38,54),(153,'2022-02-21 18:50:17','Present',62,161),(154,'2023-09-05 23:57:31','Present',3,79),(155,'2023-04-25 23:35:14','Absent',190,174),(156,'2020-01-30 05:34:12','Absent',71,127),(157,'2022-06-02 01:45:10','Absent',62,170),(158,'2021-09-07 08:04:06','Absent',15,130),(159,'2020-04-02 23:03:59','Present',110,76),(160,'2023-09-01 23:55:06','Absent',49,189),(161,'2021-09-01 03:48:03','Absent',198,181),(162,'2020-06-05 13:19:53','Absent',35,81),(163,'2023-09-19 11:30:07','Absent',17,174),(164,'2021-05-28 11:48:42','Absent',13,168),(165,'2023-01-27 14:06:45','Present',114,147),(166,'2021-11-21 04:14:00','Present',131,93),(167,'2022-03-31 06:04:08','Present',183,156),(168,'2020-03-23 00:12:57','Present',57,179),(169,'2021-07-29 10:46:46','Present',109,73),(170,'2022-10-11 16:52:24','Absent',8,20),(171,'2023-01-02 21:30:47','Present',13,128),(172,'2021-12-06 22:16:56','Absent',86,13),(173,'2022-09-27 20:13:35','Present',175,54),(174,'2022-10-21 13:41:03','Absent',58,16),(175,'2021-08-06 11:12:15','Absent',40,123),(176,'2021-08-26 02:10:23','Present',79,45),(177,'2020-12-20 14:59:43','Absent',190,73),(178,'2023-07-21 09:33:21','Present',62,132),(179,'2023-03-11 06:45:30','Present',20,106),(180,'2020-05-12 02:24:06','Present',70,20),(181,'2022-06-21 14:45:21','Present',187,140),(182,'2020-01-21 22:07:52','Absent',200,2),(183,'2023-08-04 06:33:12','Absent',21,26),(184,'2022-06-03 09:27:08','Present',119,163),(185,'2022-10-11 15:36:46','Present',191,141),(186,'2022-06-29 11:14:42','Present',176,156),(187,'2023-04-04 07:50:50','Present',180,77),(188,'2021-04-20 00:57:59','Absent',13,33),(189,'2022-11-08 14:25:33','Absent',119,43),(190,'2022-11-16 07:20:05','Present',50,61),(191,'2022-10-14 13:30:11','Absent',84,168),(192,'2021-02-05 17:40:24','Absent',164,16),(193,'2023-07-19 21:13:58','Absent',90,82),(194,'2021-11-05 05:48:34','Absent',68,80),(195,'2020-01-31 23:59:16','Absent',16,84),(196,'2023-11-23 10:17:50','Absent',141,173),(197,'2021-03-08 18:56:54','Absent',130,196),(198,'2021-06-08 14:08:05','Absent',135,143),(199,'2023-06-29 16:44:20','Present',149,50),(200,'2022-08-15 18:21:19','Present',167,185),(201,'2023-11-22 07:01:13','Absent',124,213),(202,'2021-12-22 05:37:26','Absent',274,188),(203,'2022-07-16 08:38:59','Absent',143,26),(204,'2020-04-30 06:28:36','Absent',297,46),(205,'2022-05-04 22:11:20','Absent',232,140),(206,'2021-09-01 17:48:13','Present',132,202),(207,'2022-01-26 12:10:13','Absent',17,189),(208,'2021-06-22 18:29:48','Present',251,261),(209,'2020-12-08 01:08:57','Absent',187,16),(210,'2023-08-26 04:23:45','Absent',155,242),(211,'2020-12-25 16:21:44','Absent',125,129),(212,'2021-08-19 07:11:55','Present',124,5),(213,'2022-11-09 19:46:04','Present',240,193),(214,'2022-03-30 15:32:24','Absent',37,139),(215,'2023-08-08 03:34:11','Absent',21,176),(216,'2020-07-28 12:06:55','Present',3,128),(217,'2020-07-30 20:34:51','Present',226,259),(218,'2022-09-30 16:46:36','Absent',123,188),(219,'2020-11-20 23:33:21','Absent',243,218),(220,'2023-01-05 03:39:12','Present',103,158),(221,'2023-09-05 09:21:25','Absent',279,206),(222,'2022-10-27 00:40:37','Present',43,10),(223,'2023-11-16 22:15:32','Present',107,209),(224,'2021-04-06 12:29:56','Present',18,12),(225,'2020-09-02 15:08:10','Present',213,219),(226,'2023-08-16 12:46:05','Present',287,238),(227,'2023-07-16 02:20:33','Present',284,209),(228,'2023-09-04 20:40:44','Present',136,9),(229,'2020-08-24 00:22:01','Absent',203,220),(230,'2022-06-05 11:12:22','Absent',203,89),(231,'2020-04-27 18:05:20','Present',116,53),(232,'2023-10-30 04:52:35','Present',62,51),(233,'2021-05-22 00:28:19','Present',221,26),(234,'2023-09-07 14:50:44','Absent',56,112),(235,'2023-02-06 02:37:45','Absent',40,193),(236,'2022-01-25 22:57:19','Absent',31,30),(237,'2020-03-30 19:29:04','Present',279,148),(238,'2020-10-04 02:06:33','Absent',74,27),(239,'2023-06-04 01:09:30','Present',133,60),(240,'2021-06-15 21:05:02','Present',263,63),(241,'2020-07-13 07:26:51','Present',83,128),(242,'2021-05-15 10:08:13','Present',145,246),(243,'2021-12-07 07:16:17','Present',116,262),(244,'2021-06-28 11:14:03','Present',296,298),(245,'2023-09-02 02:32:41','Absent',139,104),(246,'2021-10-18 10:12:57','Absent',55,118),(247,'2022-06-14 18:07:36','Present',137,136),(248,'2020-07-09 20:01:01','Absent',35,102),(249,'2023-11-17 11:29:09','Absent',36,9),(250,'2021-11-29 12:46:19','Present',211,214),(251,'2020-11-11 17:54:37','Absent',270,155),(252,'2020-07-17 00:22:17','Absent',241,125),(253,'2020-06-04 10:09:04','Present',4,220),(254,'2022-09-12 21:26:03','Absent',14,274),(255,'2022-08-04 01:10:19','Absent',193,270),(256,'2021-04-01 22:28:17','Present',152,66),(257,'2021-04-13 14:14:21','Absent',274,47),(258,'2023-11-20 21:41:03','Present',96,205),(259,'2020-08-16 05:19:12','Present',184,206),(260,'2020-11-19 22:38:21','Present',86,37),(261,'2023-10-03 16:12:34','Present',72,67),(262,'2021-02-17 17:32:07','Present',32,153),(263,'2020-12-29 03:47:49','Present',10,115),(264,'2020-11-06 11:04:06','Present',274,257),(265,'2020-01-23 19:13:10','Absent',82,101),(266,'2020-02-17 21:10:34','Absent',1,88),(267,'2023-04-23 01:38:20','Present',106,179),(268,'2023-03-30 11:18:27','Present',85,91),(269,'2022-09-01 23:24:39','Absent',134,120),(270,'2023-03-23 15:24:18','Present',20,225),(271,'2023-02-02 18:50:35','Absent',223,147),(272,'2023-04-15 04:17:45','Present',216,113),(273,'2022-03-28 14:57:20','Present',83,14),(274,'2020-02-23 23:09:33','Absent',268,255),(275,'2022-09-27 16:07:41','Absent',192,113),(276,'2022-07-10 01:20:26','Absent',82,261),(277,'2020-07-12 01:17:33','Present',279,200),(278,'2021-07-21 21:28:51','Absent',97,285),(279,'2021-08-19 01:51:38','Present',218,217),(280,'2022-11-08 00:41:06','Present',131,216),(281,'2020-10-06 01:38:44','Present',125,56),(282,'2023-11-16 14:51:06','Present',84,189),(283,'2020-02-22 20:57:38','Absent',280,107),(284,'2022-08-28 04:03:28','Present',78,22),(285,'2022-02-04 10:49:31','Present',96,200),(286,'2023-06-03 20:46:27','Present',117,293),(287,'2023-10-27 07:49:06','Present',70,272),(288,'2021-10-31 09:46:28','Present',105,261),(289,'2023-11-01 00:11:30','Absent',43,14),(290,'2020-11-23 14:37:08','Present',25,189),(291,'2022-06-21 06:02:28','Absent',206,112),(292,'2023-05-03 20:12:14','Present',141,293),(293,'2021-03-16 16:29:26','Absent',46,52),(294,'2021-01-13 08:27:43','Present',25,196),(295,'2020-06-16 23:39:21','Absent',167,288),(296,'2020-06-03 04:57:21','Present',52,250),(297,'2020-01-23 18:30:14','Present',157,22),(298,'2023-01-23 23:59:33','Absent',240,33),(299,'2023-01-08 19:12:42','Present',190,351),(300,'2022-11-12 00:03:16','Absent',368,297),(301,'2020-12-15 12:58:39','Present',351,49),(302,'2021-10-08 20:16:29','Absent',300,278),(303,'2022-04-07 14:57:34','Present',282,252),(304,'2022-03-13 12:29:11','Present',102,67),(305,'2020-09-26 06:39:50','Present',92,18),(306,'2020-04-20 01:40:36','Absent',122,145),(307,'2021-01-05 11:09:29','Present',382,370),(308,'2022-05-02 16:11:26','Present',98,380),(309,'2020-08-01 17:57:16','Absent',393,43),(310,'2020-12-30 06:18:54','Absent',150,375),(311,'2022-08-26 20:49:50','Present',381,309),(312,'2022-08-19 02:21:56','Absent',6,79),(313,'2023-07-01 10:26:09','Present',297,390),(314,'2020-11-09 20:29:26','Present',23,96),(315,'2021-08-17 23:21:33','Present',355,187),(316,'2023-04-14 18:58:58','Present',342,236),(317,'2022-02-21 07:15:51','Present',340,336),(318,'2022-07-24 12:03:39','Present',274,368),(319,'2023-08-11 07:10:53','Absent',285,126),(320,'2021-05-21 06:11:29','Absent',396,273),(321,'2021-05-05 19:28:10','Absent',286,383),(322,'2021-02-13 02:37:01','Present',353,137),(323,'2020-01-11 02:12:37','Present',265,361),(324,'2020-03-21 02:29:25','Present',367,96),(325,'2021-06-03 15:25:59','Present',328,126),(326,'2023-05-03 07:23:46','Present',259,108),(327,'2023-09-09 16:23:33','Present',45,368),(328,'2020-10-19 08:35:21','Absent',352,76),(329,'2021-03-25 13:21:33','Absent',140,284),(330,'2021-07-21 23:50:40','Present',258,224),(331,'2020-01-28 00:24:36','Absent',386,15),(332,'2021-10-08 19:31:31','Absent',346,149),(333,'2020-01-12 16:46:31','Present',160,83),(334,'2020-10-19 20:16:48','Present',328,250),(335,'2023-07-07 18:05:55','Present',197,46),(336,'2021-09-08 20:17:37','Absent',68,209),(337,'2022-11-19 23:32:06','Absent',116,266),(338,'2022-07-16 17:30:45','Present',216,293),(339,'2022-11-04 08:45:28','Present',278,1),(340,'2021-10-19 14:08:24','Absent',192,267),(341,'2023-05-07 03:27:15','Present',292,161),(342,'2021-10-10 05:39:46','Present',297,87),(343,'2020-05-26 11:43:20','Absent',26,214),(344,'2020-04-23 11:47:52','Present',79,252),(345,'2021-01-27 18:31:01','Present',206,264),(346,'2022-04-29 06:12:26','Present',244,376),(347,'2021-09-15 03:09:19','Absent',215,27),(348,'2020-12-25 06:03:24','Present',71,318),(349,'2022-08-14 19:54:28','Absent',210,367),(350,'2021-04-10 04:58:23','Present',111,204),(351,'2022-10-13 07:08:45','Present',215,119),(352,'2023-08-26 08:29:52','Absent',193,102),(353,'2020-07-13 16:09:35','Absent',392,24),(354,'2021-11-13 21:49:03','Absent',45,311),(355,'2023-04-14 07:39:17','Present',62,177),(356,'2021-02-04 12:25:40','Present',290,229),(357,'2020-10-18 13:21:29','Absent',390,245),(358,'2022-06-30 09:07:11','Absent',309,352),(359,'2022-03-07 13:10:55','Present',203,182),(360,'2022-10-28 12:14:27','Present',211,53),(361,'2023-08-05 01:29:13','Absent',162,310),(362,'2021-08-05 20:51:06','Absent',311,105),(363,'2022-03-07 13:45:45','Absent',395,206),(364,'2022-07-27 22:11:28','Present',362,318),(365,'2020-01-13 16:23:24','Absent',8,135),(366,'2021-04-10 13:18:24','Present',338,351),(367,'2023-05-17 19:17:04','Absent',220,252),(368,'2023-11-16 07:31:30','Present',239,112),(369,'2020-11-09 05:04:10','Present',100,4),(370,'2022-12-26 08:17:49','Present',311,316),(371,'2020-09-01 05:19:05','Present',105,327),(372,'2020-07-16 02:53:59','Absent',249,172),(373,'2022-04-08 15:56:29','Present',171,50),(374,'2021-05-20 19:54:03','Absent',352,13),(375,'2021-05-29 14:34:34','Absent',330,113),(376,'2022-03-17 05:12:50','Present',253,372),(377,'2023-04-10 01:26:18','Present',318,232),(378,'2020-11-03 09:02:09','Present',75,356),(379,'2021-04-08 20:16:56','Absent',271,221),(380,'2021-11-28 09:50:29','Present',158,120),(381,'2022-11-01 22:43:44','Present',17,256),(382,'2023-05-27 20:03:12','Absent',383,194),(383,'2021-04-07 17:01:37','Absent',191,215),(384,'2020-12-30 06:41:34','Present',305,14),(385,'2020-08-31 15:26:43','Present',40,370),(386,'2023-07-21 18:33:40','Present',369,65),(387,'2021-01-04 06:02:26','Absent',316,61),(388,'2023-06-02 15:11:11','Present',41,213),(389,'2022-05-11 02:49:13','Present',214,223),(390,'2023-07-08 19:41:42','Present',206,240),(391,'2021-08-13 16:42:22','Absent',333,19),(392,'2021-12-25 01:28:06','Absent',258,156),(393,'2022-11-11 18:02:35','Absent',228,297),(394,'2020-09-28 11:50:12','Absent',62,348),(395,'2021-12-25 11:59:44','Absent',213,33),(396,'2020-11-27 15:25:58','Absent',325,3),(397,'2021-03-17 19:11:23','Absent',142,143),(398,'2022-01-21 07:15:14','Absent',219,362),(399,'2021-10-03 23:38:29','Absent',319,3),(400,'2023-09-12 00:15:13','Absent',41,396),(401,'2020-02-29 06:00:25','Absent',366,297),(402,'2022-09-04 01:33:43','Absent',104,258),(403,'2023-05-26 12:31:14','Present',354,496),(404,'2023-04-04 02:08:11','Absent',191,5),(405,'2021-04-09 14:23:09','Absent',383,60),(406,'2022-07-25 21:43:34','Absent',488,473),(407,'2022-04-09 23:28:55','Present',222,45),(408,'2020-03-15 02:19:23','Present',407,71),(409,'2021-09-17 05:40:06','Present',181,442),(410,'2021-02-14 12:19:51','Absent',193,22),(411,'2022-08-01 11:09:00','Present',332,326),(412,'2021-06-22 08:58:28','Absent',291,434),(413,'2020-04-30 03:43:35','Present',170,152),(414,'2022-11-18 04:27:16','Absent',399,341),(415,'2023-06-06 00:37:31','Absent',446,144),(416,'2021-05-23 08:51:44','Absent',216,22),(417,'2020-06-29 08:53:11','Absent',151,210),(418,'2020-06-28 13:31:30','Present',469,203),(419,'2021-01-20 23:06:08','Present',140,232),(420,'2021-03-01 06:18:21','Present',134,84),(421,'2020-05-20 21:55:32','Present',225,70),(422,'2020-06-20 10:15:07','Absent',291,169),(423,'2023-09-18 04:12:26','Absent',191,119),(424,'2023-09-28 03:57:56','Present',253,336),(425,'2020-06-08 22:49:50','Absent',395,76),(426,'2021-03-17 13:29:15','Present',367,236),(427,'2022-02-11 05:03:34','Absent',353,145),(428,'2022-02-12 00:56:34','Present',282,408),(429,'2023-04-10 06:40:21','Present',454,340),(430,'2021-12-17 04:19:30','Absent',38,330),(431,'2022-06-30 03:40:00','Absent',12,255),(432,'2021-02-01 03:06:19','Present',97,230),(433,'2021-09-22 16:03:56','Absent',221,63),(434,'2022-01-23 00:25:10','Present',288,9),(435,'2021-06-02 05:39:03','Present',246,237),(436,'2022-04-26 21:03:52','Absent',268,390),(437,'2022-12-01 02:31:45','Absent',111,487),(438,'2023-02-13 22:22:06','Absent',317,8),(439,'2021-04-23 14:59:43','Absent',168,430),(440,'2023-07-30 19:56:44','Absent',212,421),(441,'2021-05-23 18:46:45','Present',148,441),(442,'2022-06-18 12:12:28','Absent',351,69),(443,'2022-08-30 16:45:11','Present',83,397),(444,'2021-11-08 15:14:10','Absent',400,493),(445,'2023-05-12 07:15:20','Absent',68,64),(446,'2022-01-12 22:14:43','Absent',380,187),(447,'2021-05-09 04:33:24','Absent',364,84),(448,'2021-10-04 13:16:50','Present',178,168),(449,'2020-09-01 06:30:41','Absent',60,265),(450,'2023-02-07 09:06:23','Absent',469,317),(451,'2021-04-05 17:32:55','Present',275,212),(452,'2022-08-18 14:31:09','Present',388,490),(453,'2023-01-13 22:19:03','Present',327,5),(454,'2022-03-01 07:55:22','Present',57,263),(455,'2021-10-15 19:28:00','Absent',367,203),(456,'2023-05-16 10:03:50','Absent',58,408),(457,'2022-08-27 16:50:46','Absent',264,145),(458,'2022-12-29 01:00:34','Present',48,339),(459,'2022-12-30 12:54:58','Absent',263,156),(460,'2022-05-20 02:07:35','Absent',235,91),(461,'2023-04-20 14:43:09','Present',68,263),(462,'2020-08-07 14:46:44','Absent',464,247),(463,'2020-12-29 18:45:40','Present',398,63),(464,'2020-09-09 13:20:58','Absent',206,182),(465,'2023-06-19 04:17:51','Absent',296,145),(466,'2021-11-30 12:10:33','Absent',135,411),(467,'2020-03-30 01:50:49','Absent',434,334),(468,'2022-10-19 02:20:36','Present',363,421),(469,'2020-06-11 17:25:45','Absent',240,484),(470,'2023-01-01 20:42:41','Absent',115,215),(471,'2022-01-23 18:01:55','Present',87,362),(472,'2020-04-12 04:37:26','Present',293,120),(473,'2021-06-04 05:00:00','Absent',130,125),(474,'2022-08-31 12:15:54','Absent',37,209),(475,'2021-08-07 22:32:53','Present',60,16),(476,'2021-05-04 08:15:42','Absent',40,262),(477,'2021-12-07 19:39:28','Present',209,388),(478,'2022-05-03 06:47:22','Present',270,222),(479,'2020-03-03 00:17:32','Absent',125,144),(480,'2020-11-06 00:07:00','Absent',114,64),(481,'2020-05-26 19:25:33','Present',150,435),(482,'2021-04-20 18:18:48','Present',286,172),(483,'2021-08-11 03:33:59','Absent',409,223),(484,'2022-12-11 02:08:33','Present',387,236),(485,'2020-07-13 09:26:58','Present',68,367),(486,'2023-05-11 12:59:16','Absent',383,182),(487,'2020-07-18 20:48:53','Present',216,336),(488,'2023-10-31 06:07:28','Absent',6,62),(489,'2023-06-30 00:22:07','Absent',397,145),(490,'2021-12-22 16:05:28','Present',84,204),(491,'2022-05-14 01:58:12','Absent',29,1),(492,'2020-01-11 13:24:55','Absent',40,441),(493,'2023-06-02 15:24:39','Present',220,146),(494,'2023-01-05 15:04:22','Present',496,9),(495,'2023-07-12 08:16:06','Absent',400,286),(496,'2021-06-18 21:56:04','Absent',292,112);
/*!40000 ALTER TABLE `attendance` ENABLE KEYS */;
UNLOCK TABLES;

--
-- Temporary view structure for view `class_attendance_view`
--

DROP TABLE IF EXISTS `class_attendance_view`;
/*!50001 DROP VIEW IF EXISTS `class_attendance_view`*/;
SET @saved_cs_client     = @@character_set_client;
/*!50503 SET character_set_client = utf8mb4 */;
/*!50001 CREATE VIEW `class_attendance_view` AS SELECT 
 1 AS `class_id`,
 1 AS `instructor`,
 1 AS `total_attendance`*/;
SET character_set_client = @saved_cs_client;

--
-- Table structure for table `classes`
--

DROP TABLE IF EXISTS `classes`;
/*!40101 SET @saved_cs_client     = @@character_set_client */;
/*!50503 SET character_set_client = utf8mb4 */;
CREATE TABLE `classes` (
  `class_id` int NOT NULL AUTO_INCREMENT,
  `instructor` varchar(99) DEFAULT NULL,
  `schedule` varchar(99) DEFAULT NULL,
  `capacity` int DEFAULT NULL,
  `duration_seconds` int DEFAULT NULL,
  `employee_id` int DEFAULT NULL,
  `course_id` int DEFAULT NULL,
  PRIMARY KEY (`class_id`),
  KEY `employee_id` (`employee_id`),
  KEY `course_id` (`course_id`),
  CONSTRAINT `classes_ibfk_1` FOREIGN KEY (`employee_id`) REFERENCES `employees` (`employee_id`),
  CONSTRAINT `classes_ibfk_2` FOREIGN KEY (`course_id`) REFERENCES `courses` (`course_id`)
) ENGINE=InnoDB AUTO_INCREMENT=497 DEFAULT CHARSET=utf8mb4 COLLATE=utf8mb4_0900_ai_ci;
/*!40101 SET character_set_client = @saved_cs_client */;

--
-- Dumping data for table `classes`
--

LOCK TABLES `classes` WRITE;
/*!40000 ALTER TABLE `classes` DISABLE KEYS */;
INSERT INTO `classes` VALUES (1,'Jordan Moore','2023-07-24 13:35:51',30,6142,1,1),(2,'Karina Thompson','2023-06-05 07:07:43',13,6128,2,5),(3,'Tony Griffin','2023-07-26 17:04:05',28,2439,1,3),(4,'Kevin Mullen','2023-02-16 08:09:53',24,5912,2,1),(5,'James Rogers','2023-02-24 19:43:20',22,5684,1,5),(6,'Brittany Lee','2023-07-09 03:03:59',26,4118,2,2),(7,'Denise Taylor','2023-04-04 08:53:18',11,4645,1,2),(8,'Abigail Welch','2023-08-17 09:34:33',22,2180,1,4),(9,'Deanna Cannon','2023-09-20 13:19:18',15,3883,1,3),(10,'Jake Taylor','2023-01-15 07:42:04',28,2036,1,5),(11,'Patricia Browning','2023-10-25 13:34:50',11,4847,2,4),(12,'Todd Garcia','2023-08-18 10:52:14',10,3892,1,5),(13,'Cheyenne Ball','2023-02-26 12:44:39',28,5724,1,2),(14,'Dr. Amber Bauer','2023-06-13 18:30:55',17,5377,1,1),(15,'Paul Young','2023-10-16 04:39:55',30,2915,2,5),(16,'Brendan Lynch','2023-04-05 22:18:47',16,1957,2,3),(17,'Michele Flores','2023-01-14 12:41:09',10,5231,2,2),(18,'Marvin Clark','2023-09-05 23:17:30',21,6652,1,3),(19,'Michael Moore','2023-04-08 08:03:49',13,2404,1,2),(20,'Steven Joyce','2023-08-26 22:17:50',25,2752,1,3),(21,'David Erickson','2023-01-05 06:16:22',10,6554,2,1),(22,'Caleb Dyer','2023-04-19 07:13:54',24,5322,2,1),(23,'Krista Hernandez','2023-09-17 14:20:54',17,6947,1,4),(24,'Victor Jarvis','2023-10-23 18:38:34',30,5428,1,1),(25,'Jason Ramirez','2023-09-15 15:18:39',23,3940,2,4),(26,'Jonathan Moody','2023-08-30 12:10:27',17,6348,2,2),(27,'Richard Thomas','2023-01-31 22:39:41',25,5707,2,4),(28,'Bethany Smith','2023-03-27 03:40:28',12,5775,1,2),(29,'Henry Hall','2023-08-28 08:17:25',30,6716,2,5),(30,'Lindsey Moreno','2023-10-24 23:24:11',19,5650,1,5),(31,'Adam Bautista','2023-07-17 03:07:55',21,6376,1,3),(32,'Daniel Brown','2023-08-02 20:25:16',23,5270,1,4),(33,'Travis Ramsey','2023-01-10 05:53:00',14,2554,2,2),(34,'Christopher Mooney','2023-04-16 09:48:30',26,3628,1,2),(35,'Christopher Moore','2023-05-03 22:18:01',25,7175,2,1),(36,'Kristin Mcdaniel','2023-03-15 06:43:59',14,5926,1,1),(37,'Thomas Winters','2023-03-22 18:06:00',12,6856,1,2),(38,'Rachael Rodriguez','2023-02-06 09:35:34',18,6736,1,3),(39,'Carol Rivera DDS','2023-11-18 09:33:56',26,3738,1,3),(40,'Jessica Bullock','2023-01-01 21:15:04',26,6403,1,1),(41,'Denise Anderson','2023-09-19 17:52:46',25,1823,2,1),(42,'Wendy Cummings','2023-01-11 20:04:33',28,3102,2,5),(43,'Nicholas Young','2023-10-25 02:42:47',30,3000,2,3),(44,'Nicole Wilson','2023-10-08 07:33:48',23,2563,2,3),(45,'Amy Strickland','2023-02-19 03:07:13',22,3058,2,4),(46,'Heather Bartlett','2023-10-15 22:07:16',22,6315,2,5),(47,'Cristian Gonzalez','2023-11-21 13:52:33',24,3948,2,1),(48,'Jasmine Sims','2023-10-11 12:27:48',14,7126,2,4),(49,'Russell Garcia','2023-04-08 22:58:24',12,3092,1,1),(50,'Christian Hernandez','2023-02-04 08:23:54',18,6583,2,4),(51,'Jason Harris','2023-01-02 01:42:55',12,2626,1,4),(52,'Nathaniel Williams','2023-10-09 04:40:09',16,4700,1,3),(53,'Mary Swanson','2023-10-19 08:04:30',11,4375,1,1),(54,'John Frost','2023-08-27 10:05:31',21,6274,2,4),(55,'Joseph Morrison DDS','2023-06-04 05:12:21',21,4139,2,3),(56,'Brian Hodges','2023-02-19 21:38:59',25,2586,2,1),(57,'Amanda Kramer','2023-08-22 21:31:09',26,5568,2,2),(58,'Mr. Jimmy Anderson','2023-09-15 07:57:21',30,4613,2,3),(59,'Stephanie Caldwell','2023-11-20 23:04:48',13,3257,2,3),(60,'John Decker','2023-11-09 12:54:26',17,6099,1,5),(61,'Michael Ross','2023-01-25 23:56:52',17,3531,2,5),(62,'Adam Brennan','2023-07-08 09:48:31',21,6700,1,5),(63,'Neil Spears','2023-06-05 11:45:29',26,4872,1,5),(64,'Greg Clark','2023-10-21 08:16:33',18,2888,1,1),(65,'Jessica Johnson','2023-08-23 11:16:08',15,4596,2,4),(66,'Tyler Ford PhD','2023-06-01 17:50:36',11,4076,1,3),(67,'Holly Berg','2023-10-25 05:57:28',13,2864,1,4),(68,'Robert Short','2023-01-22 17:45:42',27,4159,1,3),(69,'Melissa Nash','2023-05-28 02:37:22',30,6248,1,5),(70,'Mr. Frank Fleming','2023-03-08 01:02:39',24,4796,1,3),(71,'Lisa Long','2023-07-12 08:49:23',12,6288,1,2),(72,'Christine Mathews','2023-04-13 11:46:24',20,2553,1,2),(73,'Rodney Diaz','2023-11-05 00:29:53',22,2056,2,2),(74,'Elizabeth Davis','2023-09-10 14:08:25',22,5616,2,3),(75,'Hannah Smith','2023-04-28 18:13:11',20,6303,1,2),(76,'Jason Gregory','2023-04-29 19:32:39',15,2361,2,4),(77,'Heather Hamilton','2023-10-08 10:43:58',28,4636,1,1),(78,'Kerry Cooper','2023-01-05 22:55:03',10,4563,2,4),(79,'Heather Patel','2023-08-14 21:20:45',21,6319,1,3),(80,'Kimberly Martin DVM','2023-06-02 16:16:28',27,3468,1,4),(81,'Kevin Mcdonald','2023-02-26 14:35:32',12,6911,2,2),(82,'Sydney Keith','2023-08-07 00:00:39',29,6143,2,4),(83,'Alexis Sparks','2023-09-17 04:22:59',26,2383,2,4),(84,'Joseph Stephens','2023-10-08 06:29:07',29,5896,2,5),(85,'Brooke Mcdonald','2023-04-14 06:03:32',22,3526,2,1),(86,'Dominique Jensen','2023-03-11 11:12:22',26,5530,1,3),(87,'Zachary Lewis','2023-10-11 15:55:01',22,2956,2,3),(88,'Dalton Simmons','2023-09-11 16:46:02',18,5409,1,4),(89,'Brenda Lewis','2023-11-06 17:14:32',16,4794,2,5),(90,'Stacy Cooper','2023-01-07 01:27:28',16,3254,2,1),(91,'Cassidy Floyd','2023-11-05 19:27:50',22,2543,2,3),(92,'Amanda Rivera','2023-07-07 10:40:54',15,5269,2,4),(93,'Christian Benton','2023-08-16 04:16:39',29,4365,2,5),(94,'Mary Swanson','2023-09-06 17:46:11',15,5935,1,3),(95,'Lisa West','2023-07-31 06:31:26',21,3196,1,1),(96,'Angela Pena','2023-04-19 21:27:43',14,5031,1,1),(97,'Luke Davis','2023-02-19 20:24:01',25,2086,2,1),(98,'Jonathan Butler','2023-02-08 17:36:33',18,3664,1,2),(99,'James Sharp','2023-08-14 14:13:53',29,5546,1,4),(100,'Courtney Garcia','2023-06-06 08:14:58',11,6406,1,3),(101,'Ricky Dunn','2023-10-20 18:31:35',16,6178,39,10),(102,'Melissa Henderson','2023-10-09 11:12:07',14,2351,97,48),(103,'Charles Johnson','2023-02-18 04:26:50',24,5525,70,8),(104,'Matthew Hunter','2023-10-22 21:29:37',27,5316,13,16),(105,'Katherine Berg','2023-07-04 12:36:11',21,6238,54,73),(106,'Brian Valencia Jr.','2023-08-30 03:52:06',19,2330,69,52),(107,'Misty Taylor','2023-10-19 17:27:13',12,4819,37,45),(108,'Laura Mcgrath','2023-11-08 15:53:48',21,1840,76,89),(109,'John Smith','2023-04-28 23:50:54',12,5318,28,39),(110,'Tara Allen','2023-05-05 15:24:08',21,5022,86,100),(111,'Jeanette Ruiz','2023-02-14 08:33:55',29,6964,93,62),(112,'Mr. John Bell','2023-08-11 10:29:40',22,2896,92,79),(113,'Mary Kaufman','2023-06-04 21:12:50',22,5933,87,27),(114,'Jason Kaufman','2023-06-13 23:29:30',28,3391,42,45),(115,'Victor Stein','2023-11-23 20:50:31',25,5773,91,73),(116,'Theresa Ashley','2023-04-28 07:06:05',21,6594,60,7),(117,'Teresa Hahn','2023-05-14 00:27:07',15,3082,95,21),(118,'Mrs. Summer Davis','2023-05-01 23:48:50',25,6954,76,62),(119,'Terry Drake','2023-06-19 23:12:25',10,6048,82,66),(120,'Anthony Francis','2023-10-15 14:12:22',21,3754,95,56),(121,'Megan Pope','2023-03-22 21:25:41',28,5658,48,15),(122,'Peter Wolf','2023-06-09 07:06:19',21,4063,19,24),(123,'William Cook','2023-01-02 10:28:31',30,5068,13,69),(124,'Marie Solomon','2023-10-06 16:02:53',11,2919,42,31),(125,'Kathy Dunn','2023-06-14 22:54:14',10,2984,57,75),(126,'Edward Jones','2023-02-08 14:48:42',17,4928,5,40),(127,'Casey Sanchez','2023-07-02 20:36:26',11,2360,2,4),(128,'Willie Cunningham','2023-01-11 16:19:29',29,2200,24,96),(129,'Ruth Crawford','2023-09-30 03:14:59',23,3188,88,66),(130,'Elizabeth Anderson','2023-04-29 19:40:30',21,5928,92,83),(131,'George Lopez','2023-07-30 05:02:54',27,3654,2,73),(132,'Phyllis Green','2023-07-13 13:19:29',24,5255,83,103),(133,'Christopher Browning','2023-10-14 09:08:55',22,2595,64,63),(134,'Jonathan Graham','2023-03-19 23:44:17',11,7080,33,15),(135,'John Hines','2023-07-28 10:44:06',19,5227,74,67),(136,'William Gray','2023-11-23 07:11:38',26,2476,81,89),(137,'Jacob Carson','2023-03-04 08:12:57',10,5543,52,48),(138,'Jeremy Jones','2023-04-02 08:10:31',29,4406,74,37),(139,'Mark Rodriguez','2023-02-06 07:59:21',18,4809,95,69),(140,'Dean Page','2023-09-26 18:24:58',15,5709,14,2),(141,'Kaitlin Gonzales','2023-07-07 14:21:14',15,2092,49,103),(142,'Lori Kane','2023-06-26 22:48:17',24,6007,25,7),(143,'Sandra Butler','2023-03-18 12:05:40',13,5480,16,19),(144,'Samantha Brown','2023-02-19 05:06:40',27,2103,97,37),(145,'Edward Mendez','2023-05-29 09:34:33',15,2220,12,88),(146,'Robert Green','2023-01-18 05:04:36',25,3381,61,68),(147,'Melanie Jackson','2023-01-05 02:40:08',29,2855,2,101),(148,'Michael Hudson','2023-08-26 21:42:42',10,2996,64,56),(149,'Krystal Chavez','2023-11-19 17:37:01',14,6657,46,94),(150,'John Sullivan','2023-08-26 00:18:55',22,2297,81,50),(151,'Mr. Kyle Lee','2023-09-08 21:01:51',16,5948,22,10),(152,'Tyler Lowery','2023-10-28 10:38:48',18,4531,95,39),(153,'Glenn Hall','2023-07-07 02:59:35',21,7176,32,101),(154,'Dr. Garrett Bush','2023-03-01 22:23:19',10,2674,27,90),(155,'Christina Ramos','2023-07-13 03:14:17',27,5372,7,89),(156,'Steven Garcia','2023-11-01 03:13:30',21,4200,92,10),(157,'George Rogers','2023-06-18 20:17:56',30,5510,15,47),(158,'Austin Sanders','2023-01-14 05:55:15',11,6061,82,33),(159,'Andrea Li','2023-03-01 10:06:53',16,3791,99,72),(160,'Cynthia Lopez','2023-11-03 04:58:46',29,3962,55,73),(161,'Lisa West','2023-06-05 19:05:59',24,3998,36,21),(162,'Ronald Brown','2023-04-16 07:22:33',18,7184,38,100),(163,'Erin Gentry','2023-07-15 01:44:36',15,4898,14,10),(164,'Stephen Jones','2023-11-12 00:41:35',27,4451,79,51),(165,'Vanessa Hale','2023-08-03 12:01:54',13,5675,67,22),(166,'Kathryn Waters','2023-11-02 07:13:49',26,6929,101,54),(167,'Teresa Klein','2023-10-03 08:02:23',27,5901,42,48),(168,'Danielle Mack','2023-04-10 06:55:28',26,7100,29,4),(169,'Ernest Barnes','2023-06-02 23:06:25',29,6052,24,70),(170,'Alexis Ramirez','2023-07-03 15:19:43',12,4851,64,55),(171,'Andrea Baker','2023-05-14 04:11:42',29,3505,101,54),(172,'David Gonzalez','2023-11-20 14:17:00',10,4179,28,71),(173,'Jamie Miller','2023-04-27 18:34:44',12,5927,7,50),(174,'David Williams','2023-06-20 14:54:07',20,6940,20,26),(175,'Jamie Garrison','2023-07-30 22:41:36',27,5105,73,6),(176,'Lorraine Porter','2023-06-19 04:55:21',24,3438,63,63),(177,'Stanley Moreno','2023-05-12 02:43:22',17,3983,11,51),(178,'Richard Potts','2023-07-10 16:15:09',20,1813,87,36),(179,'Jose Hughes','2023-06-08 06:34:58',17,5399,21,96),(180,'Christine Gray','2023-07-11 23:10:30',26,3020,31,43),(181,'Gary Cobb','2023-08-28 21:22:57',18,5199,20,59),(182,'Robert Thompson','2023-03-24 15:38:39',17,3058,57,103),(183,'Joe Sullivan','2023-02-21 04:06:25',26,5127,83,67),(184,'Matthew Williams','2023-06-11 20:26:51',24,2505,30,30),(185,'Stephanie Reynolds','2023-04-25 01:07:46',27,3557,60,42),(186,'Stephanie Green','2023-07-02 16:56:48',13,3049,36,11),(187,'Haley Mills','2023-02-02 21:37:50',14,5710,22,2),(188,'Benjamin Harrison','2023-08-13 02:42:40',13,4003,16,77),(189,'Justin Hernandez','2023-07-06 03:47:34',23,3385,13,26),(190,'Robert Patterson','2023-03-25 06:47:21',20,5688,34,63),(191,'William Hansen DDS','2023-09-08 06:50:31',28,2448,14,52),(192,'Anthony Alexander','2023-05-30 11:26:41',10,5919,69,74),(193,'Julie Hernandez','2023-06-23 19:01:08',25,3157,2,99),(194,'Eric Robbins','2023-05-17 10:31:53',10,4953,23,104),(195,'Brandi Chang','2023-08-24 03:56:33',11,2830,2,98),(196,'Charles Moreno','2023-11-07 09:53:16',15,6715,93,72),(197,'Robert Johnson','2023-03-26 20:56:10',16,3298,18,78),(198,'Clarence Huffman','2023-09-22 23:41:29',11,5341,41,1),(199,'Jamie Pearson','2023-07-29 18:12:36',22,3923,23,88),(200,'Keith Donovan','2023-09-12 06:36:14',30,6475,157,8),(201,'Joseph Schmidt','2023-08-28 16:50:37',28,6841,5,22),(202,'Michelle Campbell','2023-02-27 20:47:37',28,6827,153,81),(203,'Lisa Anderson','2023-05-06 19:12:49',13,6584,6,112),(204,'Todd Preston','2023-06-05 21:29:30',11,2413,196,183),(205,'Jennifer Cruz','2023-09-24 16:53:52',27,7087,176,17),(206,'Ian Castro','2023-03-22 16:12:37',27,3079,73,51),(207,'Jeffrey Gonzalez','2023-10-09 05:54:05',14,4477,96,120),(208,'Karen Pena','2023-09-06 09:05:24',14,1891,43,150),(209,'Jennifer Foster','2023-10-30 21:29:23',12,6398,29,193),(210,'Terry Daniels','2023-10-03 13:23:14',16,5313,141,52),(211,'Christopher Brown','2023-08-17 21:25:53',29,3581,123,38),(212,'Johnathan Wolf','2023-06-19 22:13:33',25,5502,116,103),(213,'Julie Lewis','2023-05-01 18:32:32',21,4050,147,154),(214,'Ryan Ramirez','2023-06-26 23:34:41',17,6750,117,141),(215,'Valerie Lawrence','2023-07-06 00:42:36',14,2528,84,150),(216,'Courtney Jones','2023-11-21 00:53:29',22,5534,97,93),(217,'John Jones','2023-07-26 08:52:44',18,3398,127,36),(218,'Sean Knight Jr.','2023-07-08 00:28:40',16,5166,195,127),(219,'Margaret Washington','2023-08-28 17:38:54',13,1961,38,122),(220,'Nancy Hahn','2023-02-04 12:56:14',16,4795,33,115),(221,'Jennifer Fox','2023-05-05 09:05:53',15,3067,176,11),(222,'Ashlee Cooper','2023-07-12 08:31:08',27,6301,40,74),(223,'Linda Schroeder','2023-01-13 03:29:09',25,2752,155,182),(224,'James Brown','2023-11-20 00:17:22',15,2271,119,119),(225,'Regina Burns','2023-05-15 02:50:25',13,6752,70,79),(226,'Kyle Reeves','2023-06-13 04:02:17',28,5639,122,29),(227,'Keith Cooke MD','2023-11-17 14:16:38',19,5329,179,80),(228,'Brandon Roy','2023-01-07 15:15:45',28,4742,117,87),(229,'Rodney George','2023-07-07 03:44:37',10,4842,80,126),(230,'Danielle Roberts','2023-09-20 16:16:01',15,1811,157,182),(231,'Juan Curtis','2023-04-03 23:59:23',26,4627,115,5),(232,'Ronald Jones','2023-06-19 22:33:32',13,6533,153,159),(233,'Kelly Brown','2023-05-08 13:11:15',19,2821,143,36),(234,'Alexander Knight','2023-11-03 21:16:15',20,3438,39,185),(235,'Paula Conner','2023-01-02 12:22:30',28,2948,42,165),(236,'Richard Freeman','2023-05-28 19:08:38',30,3886,17,167),(237,'Robert Zuniga','2023-05-07 09:37:05',17,2113,187,4),(238,'Russell Alvarez','2023-04-26 09:27:20',10,5687,181,12),(239,'Michael Ortega','2023-02-20 03:21:01',17,6003,101,169),(240,'Thomas Lewis','2023-08-15 10:32:44',28,2466,183,134),(241,'Billy Tapia','2023-07-13 22:52:21',11,5959,64,191),(242,'Steven Ewing','2023-08-05 01:30:12',26,2428,192,154),(243,'Matthew Ross','2023-04-17 14:02:32',19,4805,2,12),(244,'Jennifer Hernandez','2023-03-15 05:53:53',19,5449,112,24),(245,'David Moore','2023-01-16 10:47:32',25,5964,79,122),(246,'Dana Williams','2023-02-26 04:58:09',10,5794,149,108),(247,'Jonathan Cox','2023-10-10 07:08:51',29,2718,11,153),(248,'Joshua Shannon','2023-10-30 04:36:21',15,3160,105,2),(249,'Thomas Johnson','2023-03-25 06:53:26',22,4308,27,139),(250,'Alexandra Sanchez','2023-08-15 11:22:13',16,2616,75,178),(251,'Michael Davidson','2023-07-18 07:37:33',15,2994,17,81),(252,'Eric Richardson','2023-02-22 03:53:38',17,4123,125,138),(253,'Nancy Glass','2023-02-14 02:27:24',26,1852,76,135),(254,'Mr. Steven Fisher Jr.','2023-10-01 11:35:20',21,6344,4,48),(255,'Janet Hamilton','2023-01-26 06:17:50',15,4744,115,59),(256,'Terry Meza','2023-05-03 07:15:40',14,1929,16,85),(257,'Tom Taylor','2023-11-21 05:24:38',19,2524,55,87),(258,'Raymond Mcgee','2023-10-07 08:15:37',11,5706,12,159),(259,'Wendy Greer','2023-03-05 18:54:25',22,4156,31,128),(260,'Kyle Berger','2023-05-14 09:59:42',11,5614,115,116),(261,'David Norman','2023-07-31 00:15:56',11,3255,27,100),(262,'Charles Kramer Jr.','2023-07-21 04:56:52',16,5693,94,145),(263,'Daniel Lozano','2023-03-17 02:35:03',25,6205,19,95),(264,'Anne Clarke','2023-03-18 17:20:46',29,5529,9,130),(265,'Jessica Wilson','2023-03-17 16:06:20',29,5484,126,176),(266,'Andrew Graves','2023-06-10 05:33:08',23,6851,48,14),(267,'Theresa Fernandez','2023-05-11 14:40:56',19,1809,39,85),(268,'Gabriella Krause','2023-05-16 18:28:57',30,5290,136,17),(269,'Tanner Rodriguez','2023-08-16 18:49:51',16,7131,61,150),(270,'Autumn Williams','2023-08-09 19:38:21',22,5221,140,25),(271,'Michelle Fowler','2023-10-19 04:36:56',14,4417,46,22),(272,'Christina Lewis','2023-05-28 10:32:01',29,5213,36,88),(273,'Jennifer Smith','2023-02-10 13:26:03',19,4116,66,10),(274,'Mary Murray','2023-08-26 19:53:06',22,3257,7,153),(275,'Jennifer Rangel','2023-10-29 13:35:12',18,4209,57,1),(276,'Karen Dorsey','2023-03-01 13:44:41',13,1928,19,59),(277,'Christine Wallace','2023-01-02 22:14:42',13,5981,29,56),(278,'Stacey Christian','2023-01-12 03:48:08',18,4924,141,169),(279,'Tonya Williams','2023-07-20 05:04:49',12,6418,193,82),(280,'William Edwards','2023-08-27 07:12:17',29,5789,1,194),(281,'Cheryl Scott','2023-02-05 18:17:12',17,2807,169,25),(282,'Diane Sanford','2023-11-12 20:36:24',12,4457,183,163),(283,'Joseph Jensen','2023-09-25 03:33:29',21,6658,135,164),(284,'Brian Perry','2023-07-18 10:12:27',10,7188,132,201),(285,'Mr. Robert Haney','2023-06-27 07:15:36',12,6975,105,129),(286,'Dustin Brown','2023-10-01 04:15:53',30,7064,9,138),(287,'Jay Doyle','2023-07-05 10:04:30',20,5655,150,136),(288,'Lisa Owens','2023-02-22 05:14:24',13,5172,95,104),(289,'David Watson','2023-09-30 01:56:41',18,2697,166,147),(290,'Jennifer Gomez','2023-11-07 05:01:51',19,2180,198,111),(291,'Matthew Hoffman','2023-01-12 00:25:43',17,2406,181,68),(292,'Joseph Robinson','2023-04-02 20:33:29',11,2719,97,68),(293,'Kathryn Mueller','2023-11-12 13:00:06',23,6834,165,143),(294,'Christopher Bates','2023-01-25 09:04:18',11,2777,32,10),(295,'Kylie Lawrence','2023-07-05 04:59:52',16,6572,11,162),(296,'David Payne','2023-04-22 10:32:45',26,2950,56,42),(297,'Nicholas Hernandez','2023-03-21 20:55:46',13,5893,29,49),(298,'Sara Dyer','2023-01-03 13:04:06',24,6699,134,25),(299,'Jasmine Martinez','2023-06-02 00:31:36',24,3034,256,50),(300,'James Cox','2023-06-09 17:44:50',21,2748,105,168),(301,'Samantha Ortiz','2023-09-12 06:04:36',11,6109,104,44),(302,'Sarah Brown','2023-11-25 01:50:42',25,2811,206,280),(303,'Lauren Hall','2023-01-06 03:51:27',22,5995,198,10),(304,'Maria Walker','2023-08-12 23:47:29',28,5379,158,59),(305,'Claudia Frye','2023-11-04 21:02:32',11,5078,171,237),(306,'Ann Payne','2023-10-29 23:17:32',13,6925,186,56),(307,'Johnathan Reed','2023-03-17 22:19:31',14,6345,85,281),(308,'Robert Rodriguez','2023-07-03 00:05:38',13,5860,130,209),(309,'Mary Singleton','2023-05-14 02:07:45',20,4439,250,95),(310,'John Lee','2023-07-18 07:24:46',28,3556,186,73),(311,'Katrina Brown','2023-11-23 13:30:10',23,4757,54,119),(312,'John Johnson','2023-11-08 15:51:17',19,7149,87,134),(313,'Catherine Lewis','2023-09-22 17:51:49',20,6573,193,293),(314,'Mark Hammond','2023-04-23 04:08:37',20,6346,226,289),(315,'Kelly Gutierrez','2023-03-16 20:48:26',30,5424,49,125),(316,'Rebecca Odonnell','2023-11-06 07:09:02',16,6782,253,56),(317,'Kelly Campbell','2023-03-07 02:13:09',24,3588,295,292),(318,'Melvin Frey','2023-01-05 04:23:48',12,5521,128,115),(319,'Jacob Kim','2023-11-18 04:02:25',19,3170,35,20),(320,'Carly Evans','2023-05-05 08:53:21',13,3640,289,76),(321,'Ryan Clay','2023-03-21 22:16:19',27,4052,78,75),(322,'Robert Cox','2023-05-27 02:11:56',16,5091,158,294),(323,'Jennifer Turner','2023-04-08 18:29:11',25,6971,232,49),(324,'Brian Little','2023-02-06 09:25:32',15,4491,105,93),(325,'Megan Crane','2023-09-16 13:54:57',15,3517,184,242),(326,'Tiffany Patel','2023-05-30 18:15:14',25,6519,24,240),(327,'Alejandro Harrell','2023-09-08 20:23:05',15,2185,54,31),(328,'Jasmine Taylor MD','2023-05-20 22:29:31',11,1967,121,115),(329,'Mr. Darryl French','2023-06-14 18:24:08',28,2158,158,32),(330,'Kevin Palmer','2023-11-02 12:45:58',28,6643,102,47),(331,'Angie Cherry','2023-11-05 20:32:18',13,4777,189,32),(332,'Raymond Crawford','2023-03-15 05:06:16',24,5235,231,170),(333,'Devon Davis','2023-06-03 11:59:11',13,2433,147,183),(334,'Cassie Smith','2023-06-21 07:09:13',20,6505,73,264),(335,'Paul Martin','2023-08-22 08:19:30',23,5029,227,156),(336,'Deanna Anderson','2023-08-30 01:48:13',24,4148,276,121),(337,'Jennifer Nichols','2023-09-18 08:04:10',20,5870,59,84),(338,'Anthony Garza','2023-08-20 17:50:02',28,5212,204,34),(339,'Alicia Clark','2023-06-05 22:29:29',25,5506,10,172),(340,'Jon Cook','2023-02-21 21:23:53',15,2224,236,50),(341,'Joan Mullins','2023-06-09 19:11:43',19,3421,201,119),(342,'Lori Deleon','2023-09-22 14:12:26',12,5323,261,8),(343,'Samantha Davenport','2023-01-11 03:30:23',29,3823,219,166),(344,'Miranda Carter','2023-06-09 17:56:20',15,6507,130,195),(345,'Joseph Hernandez','2023-03-26 20:57:32',14,4001,28,170),(346,'Jennifer Collins','2023-02-07 08:05:12',15,4961,142,262),(347,'Brandy Johnson','2023-05-23 00:14:40',29,6892,251,289),(348,'Carlos Gordon','2023-07-08 04:37:36',16,5437,111,173),(349,'Elizabeth Pugh','2023-11-21 13:27:41',12,6526,43,188),(350,'Jordan Johnson','2023-07-14 02:50:02',25,6414,94,33),(351,'Madeline Cruz','2023-11-24 08:48:38',24,4685,282,112),(352,'Kelly Reyes','2023-08-29 03:10:22',12,5480,26,58),(353,'Samuel Sanders','2023-07-14 19:48:30',20,3008,74,127),(354,'Katie Humphrey','2023-08-05 04:38:40',10,6817,236,118),(355,'Jessica Marsh','2023-09-01 14:40:23',19,2101,287,161),(356,'Michael Gregory','2023-01-14 08:50:30',14,6827,249,280),(357,'Misty Robinson','2023-08-26 19:31:43',27,6031,205,93),(358,'Caleb Hamilton','2023-07-02 04:43:12',28,5174,95,242),(359,'William Ward','2023-06-28 05:26:02',27,6201,46,46),(360,'Janice Montgomery','2023-09-05 19:36:08',22,6968,214,127),(361,'Emily Turner DVM','2023-04-03 12:22:33',27,4958,111,182),(362,'Edward Wagner','2023-10-31 22:10:06',11,6600,161,111),(363,'Susan Clayton','2023-10-02 05:50:57',24,2821,106,176),(364,'Tammy Bowers','2023-11-25 11:22:03',28,3337,225,266),(365,'Kevin Perez','2023-11-18 10:25:50',20,5086,214,284),(366,'Linda Taylor','2023-08-15 18:37:16',18,2627,51,193),(367,'Alicia Cortez','2023-06-30 19:32:10',27,5856,257,171),(368,'Trevor Burgess','2023-11-04 01:52:56',30,4982,278,108),(369,'Derek Mcknight','2023-11-18 11:48:27',25,1945,85,237),(370,'Kenneth Phillips','2023-08-28 09:45:19',29,3624,162,276),(371,'Stacie Dennis','2023-04-22 07:00:58',25,5494,70,5),(372,'Kaitlyn Walker','2023-03-28 16:20:48',29,6892,14,151),(373,'Raymond Briggs','2023-04-12 05:43:18',15,6349,237,16),(374,'Brandi Pope','2023-02-10 08:22:07',13,4949,63,274),(375,'Richard Munoz','2023-11-11 12:56:22',25,4665,46,299),(376,'Christopher Dunn','2023-10-25 05:48:14',17,4901,100,173),(377,'Michael Lawrence','2023-04-02 07:04:08',19,3556,292,18),(378,'Kelly Tran','2023-05-25 07:01:39',11,3324,231,187),(379,'Evan Butler','2023-03-09 14:18:26',19,2613,192,47),(380,'Stephanie Holden','2023-04-14 17:02:51',25,1921,63,236),(381,'Daniel Lin','2023-02-05 10:19:47',24,4064,219,107),(382,'Brandy Reed','2023-10-24 06:29:04',21,3031,182,196),(383,'Hunter Davis Jr.','2023-01-23 14:53:50',15,3777,92,214),(384,'Debra Shelton','2023-04-08 13:09:51',24,2037,181,97),(385,'Bruce Johnson','2023-06-14 06:36:17',21,2525,207,236),(386,'Kim Nelson','2023-09-14 02:32:05',10,3450,250,292),(387,'Stephen Mcdowell','2023-10-08 10:10:42',21,1809,111,27),(388,'Julie Davis','2023-11-06 09:20:23',17,3736,7,280),(389,'Justin Murphy','2023-08-30 03:49:54',27,6370,275,131),(390,'Kyle Jennings','2023-08-04 00:37:10',28,4395,164,221),(391,'Amber Mcdonald','2023-05-30 02:24:20',18,2287,293,58),(392,'Jody Lee','2023-02-06 15:34:49',17,4123,121,95),(393,'Nancy Gonzalez','2023-03-22 19:52:40',25,4254,282,39),(394,'Dennis Bradford','2023-10-29 10:18:18',14,3889,258,245),(395,'Katherine Becker','2023-02-19 19:25:19',29,4711,265,59),(396,'Keith Huff','2023-09-13 03:03:54',16,4620,85,94),(397,'Michelle Gonzalez','2023-06-27 16:01:31',19,6190,260,9),(398,'Bobby Fuller','2023-03-03 19:17:40',16,3199,196,129),(399,'Colleen Wiley','2023-01-02 09:28:53',24,5089,329,217),(400,'Janet Burke','2023-05-01 09:57:56',25,3289,302,326),(401,'Matthew Shelton','2023-08-15 03:45:05',14,6465,207,286),(402,'Jennifer Patel','2023-01-04 22:19:25',19,1896,113,252),(403,'Jeffery Clark Jr.','2023-06-01 06:07:22',13,4146,148,363),(404,'Nathan Pruitt','2023-03-08 14:55:58',25,6546,23,184),(405,'Brooke Adams','2023-08-01 14:08:21',19,2831,356,358),(406,'Kimberly Hamilton','2023-10-03 00:01:09',14,4535,229,88),(407,'Shawn Smith','2023-06-20 16:57:39',16,4807,189,165),(408,'Priscilla Stanley','2023-03-03 12:51:17',28,1993,242,223),(409,'Gabriel Huffman','2023-04-08 22:22:43',27,3239,217,391),(410,'Alan Grimes','2023-05-21 10:22:33',24,2005,347,164),(411,'Collin Alexander','2023-02-09 21:06:37',14,3881,259,231),(412,'Raymond Robles','2023-01-28 23:56:03',15,6266,260,36),(413,'John Kelley','2023-09-23 22:49:15',27,6418,181,233),(414,'Joanne Lee','2023-04-11 17:49:05',30,2730,121,22),(415,'Emily Blair','2023-03-27 19:56:42',13,4553,251,3),(416,'Jacob Sawyer','2023-10-14 08:47:08',19,5088,39,275),(417,'Katie Lee','2023-01-25 08:00:47',11,5813,80,172),(418,'Cristian Hunt','2023-06-11 10:26:22',13,6687,351,12),(419,'Nicole Jones','2023-09-27 19:06:27',14,5839,253,196),(420,'Alex Giles','2023-01-20 07:02:08',26,3458,134,323),(421,'Angie Callahan','2023-11-10 02:08:40',12,6616,201,211),(422,'Charles Kramer','2023-11-08 08:52:25',20,3212,12,250),(423,'Ricky Keith','2023-03-14 16:21:23',28,3274,96,116),(424,'Amber Larsen','2023-08-16 17:51:55',16,5746,161,159),(425,'Annette Holland','2023-02-05 12:14:44',20,1947,299,234),(426,'Karla Lowe','2023-04-22 18:52:28',28,3596,376,246),(427,'Julie Taylor','2023-03-17 17:13:14',11,3186,285,398),(428,'Matthew Ramsey','2023-03-14 01:01:55',28,6686,76,74),(429,'Lisa Ramirez','2023-04-12 22:16:05',19,6502,206,170),(430,'David Gomez','2023-07-20 03:10:08',26,6658,118,137),(431,'Christian Brown','2023-10-11 07:15:33',16,3293,38,268),(432,'Joshua Gilbert','2023-08-07 23:06:41',19,6327,203,141),(433,'Nathan Delacruz','2023-09-07 06:45:57',29,4859,245,286),(434,'Mrs. Rachel Robinson','2023-02-28 10:32:56',11,6786,80,276),(435,'Scott Vang','2023-08-30 10:49:17',27,4099,56,77),(436,'Anna Evans','2023-02-03 19:26:12',28,3588,256,220),(437,'Troy Davis','2023-07-30 14:48:15',14,2826,37,185),(438,'Judith Hunt','2023-05-14 21:36:48',19,5944,9,185),(439,'Mrs. Katrina Butler','2023-10-30 09:50:38',15,6896,109,238),(440,'Logan Smith','2023-02-13 22:19:59',19,3987,58,254),(441,'Tammy Parker','2023-09-21 07:43:18',18,6903,347,78),(442,'Christopher Smith','2023-11-04 17:33:25',18,6615,254,139),(443,'Brianna Li','2023-09-11 16:31:26',17,5228,167,186),(444,'Rebecca Becker','2023-03-16 07:46:13',25,6897,113,55),(445,'Jennifer Fernandez','2023-01-26 18:01:00',29,3437,259,366),(446,'Christopher Green','2023-04-21 15:59:15',12,5202,125,279),(447,'Brandy Love','2023-02-12 22:51:47',13,3361,30,349),(448,'Amanda Ibarra','2023-07-28 00:07:45',24,6281,170,1),(449,'Curtis Torres','2023-03-08 12:57:14',15,6161,189,38),(450,'Michael Hicks','2023-05-27 02:40:06',27,6225,218,59),(451,'Brianna David','2023-07-25 19:51:17',17,5948,262,31),(452,'Jamie Myers','2023-07-10 21:34:13',15,2119,325,296),(453,'Faith Padilla','2023-08-18 12:01:14',13,2010,42,232),(454,'Heather Johnson','2023-02-12 13:37:16',22,5429,158,311),(455,'Misty Webb','2023-05-11 18:09:30',27,4864,235,131),(456,'Mia Horton','2023-07-18 09:25:59',26,4790,251,359),(457,'Mark Velasquez','2023-10-04 02:37:32',17,6630,213,151),(458,'Carolyn Mayo','2023-04-10 09:35:52',14,3573,12,72),(459,'Theresa Santiago','2023-11-10 12:51:55',10,4502,306,391),(460,'Stephanie Cardenas','2023-09-03 07:38:30',29,3245,88,383),(461,'George Phillips','2023-03-17 18:35:24',16,5511,56,232),(462,'David Chambers','2023-02-10 04:32:23',27,4639,130,86),(463,'Joseph Mccall','2023-01-27 04:33:09',24,6456,206,296),(464,'George Lee','2023-11-01 12:13:00',16,4564,39,258),(465,'Andrew Hammond','2023-09-29 19:00:40',25,3089,209,137),(466,'Kelly Abbott','2023-01-08 02:02:44',25,2053,377,11),(467,'Heidi Wright','2023-03-01 09:47:38',22,6538,92,138),(468,'Tammy Perez','2023-01-10 14:13:12',26,4323,211,233),(469,'Shawn Miller','2023-11-17 23:25:51',13,3096,218,247),(470,'Bobby Elliott','2023-11-23 21:36:33',10,3750,274,294),(471,'Daniel Bruce','2023-04-14 17:35:22',18,5563,325,152),(472,'William Fitzpatrick','2023-08-04 12:43:25',22,4020,109,382),(473,'Todd Green','2023-07-20 18:24:34',27,2911,220,130),(474,'Robert Graham','2023-10-13 18:03:18',25,6034,145,168),(475,'Joann Martinez','2023-11-24 20:39:08',30,5317,390,308),(476,'Dr. Karen Williams','2023-07-17 00:42:30',14,4790,8,191),(477,'Alyssa Duncan','2023-03-31 10:35:02',30,6855,371,133),(478,'Jennifer Brown','2023-06-20 17:57:07',30,4829,41,267),(479,'Mr. Matthew May','2023-10-09 18:45:34',21,6265,127,332),(480,'Jeffery Larsen','2023-07-17 20:18:20',17,4846,16,108),(481,'Ashley Gibbs','2023-07-05 21:01:39',13,2638,343,279),(482,'Barbara Smith','2023-11-05 09:56:46',13,6366,50,51),(483,'David Alvarez','2023-07-19 20:41:25',13,3998,248,87),(484,'Melissa Robinson','2023-09-10 11:37:00',13,5889,391,357),(485,'Kristy Oliver','2023-03-12 07:11:19',19,5292,226,391),(486,'Daisy Klein','2023-01-18 02:36:37',26,3356,171,301),(487,'Isaiah Lopez','2023-03-21 21:11:46',18,2524,167,345),(488,'Samuel Tucker','2023-11-18 13:28:07',23,4622,304,268),(489,'Jane Trujillo','2023-02-08 05:51:01',20,2623,144,332),(490,'Paul Owen','2023-01-12 13:56:20',18,6431,208,357),(491,'Joel Terry','2023-11-20 21:58:40',25,2864,363,343),(492,'David Martin','2023-01-30 01:38:23',19,7016,347,108),(493,'Shawn Tapia','2023-07-23 18:41:20',15,4376,386,376),(494,'Kristin West','2023-10-23 05:58:33',26,3280,231,147),(495,'Michael Sullivan','2023-08-12 03:32:48',29,5864,7,386),(496,'Amy Bender','2023-01-03 17:58:32',21,6825,82,238);
/*!40000 ALTER TABLE `classes` ENABLE KEYS */;
UNLOCK TABLES;

--
-- Table structure for table `courses`
--

DROP TABLE IF EXISTS `courses`;
/*!40101 SET @saved_cs_client     = @@character_set_client */;
/*!50503 SET character_set_client = utf8mb4 */;
CREATE TABLE `courses` (
  `course_id` int NOT NULL AUTO_INCREMENT,
  `course_name` varchar(99) DEFAULT NULL,
  PRIMARY KEY (`course_id`)
) ENGINE=InnoDB AUTO_INCREMENT=501 DEFAULT CHARSET=utf8mb4 COLLATE=utf8mb4_0900_ai_ci;
/*!40101 SET character_set_client = @saved_cs_client */;

--
-- Dumping data for table `courses`
--

LOCK TABLES `courses` WRITE;
/*!40000 ALTER TABLE `courses` DISABLE KEYS */;
INSERT INTO `courses` VALUES (1,'along'),(2,'that'),(3,'Cardio Blast'),(4,'Strength Training'),(5,'CrossFit'),(6,'HIIT Interval'),(7,'Spin Class'),(8,'HIIT Interval'),(9,'Yoga Basics'),(10,'Zumba Dance'),(11,'Zumba Dance'),(12,'Cardio Blast'),(13,'Strength Training'),(14,'Spin Class'),(15,'Strength Training'),(16,'Kickboxing'),(17,'Zumba Dance'),(18,'CrossFit'),(19,'Yoga Basics'),(20,'Spin Class'),(21,'Cardio Blast'),(22,'Strength Training'),(23,'Strength Training'),(24,'Zumba Dance'),(25,'Spin Class'),(26,'Strength Training'),(27,'Kickboxing'),(28,'Cardio Blast'),(29,'Cardio Blast'),(30,'Zumba Dance'),(31,'Kickboxing'),(32,'CrossFit'),(33,'Cardio Blast'),(34,'Kickboxing'),(35,'Strength Training'),(36,'Cardio Blast'),(37,'Yoga Basics'),(38,'Zumba Dance'),(39,'CrossFit'),(40,'Spin Class'),(41,'Kickboxing'),(42,'Aerobics'),(43,'HIIT Interval'),(44,'Spin Class'),(45,'HIIT Interval'),(46,'HIIT Interval'),(47,'Pilates Pro'),(48,'Strength Training'),(49,'Zumba Dance'),(50,'HIIT Interval'),(51,'Strength Training'),(52,'Aerobics'),(53,'Pilates Pro'),(54,'Aerobics'),(55,'CrossFit'),(56,'HIIT Interval'),(57,'Aerobics'),(58,'Aerobics'),(59,'Spin Class'),(60,'Aerobics'),(61,'CrossFit'),(62,'Cardio Blast'),(63,'Pilates Pro'),(64,'Yoga Basics'),(65,'Spin Class'),(66,'Kickboxing'),(67,'HIIT Interval'),(68,'Pilates Pro'),(69,'Cardio Blast'),(70,'CrossFit'),(71,'CrossFit'),(72,'Pilates Pro'),(73,'Kickboxing'),(74,'Aerobics'),(75,'Pilates Pro'),(76,'Aerobics'),(77,'Pilates Pro'),(78,'Spin Class'),(79,'Aerobics'),(80,'Spin Class'),(81,'Aerobics'),(82,'Pilates Pro'),(83,'CrossFit'),(84,'Kickboxing'),(85,'Aerobics'),(86,'HIIT Interval'),(87,'HIIT Interval'),(88,'Strength Training'),(89,'Cardio Blast'),(90,'CrossFit'),(91,'Pilates Pro'),(92,'Kickboxing'),(93,'Spin Class'),(94,'Pilates Pro'),(95,'Strength Training'),(96,'Kickboxing'),(97,'HIIT Interval'),(98,'CrossFit'),(99,'Kickboxing'),(100,'HIIT Interval'),(101,'Yoga Basics'),(102,'Aerobics'),(103,'Pilates Pro'),(104,'Aerobics'),(105,'HIIT Interval'),(106,'Kickboxing'),(107,'HIIT Interval'),(108,'CrossFit'),(109,'Pilates Pro'),(110,'Aerobics'),(111,'Yoga Basics'),(112,'Spin Class'),(113,'Spin Class'),(114,'Pilates Pro'),(115,'Aerobics'),(116,'HIIT Interval'),(117,'Cardio Blast'),(118,'Pilates Pro'),(119,'Kickboxing'),(120,'HIIT Interval'),(121,'Pilates Pro'),(122,'Cardio Blast'),(123,'Aerobics'),(124,'Pilates Pro'),(125,'Pilates Pro'),(126,'Kickboxing'),(127,'Spin Class'),(128,'Zumba Dance'),(129,'CrossFit'),(130,'Spin Class'),(131,'Pilates Pro'),(132,'Aerobics'),(133,'Kickboxing'),(134,'Aerobics'),(135,'Yoga Basics'),(136,'CrossFit'),(137,'Cardio Blast'),(138,'Zumba Dance'),(139,'Pilates Pro'),(140,'Aerobics'),(141,'Aerobics'),(142,'Aerobics'),(143,'Aerobics'),(144,'Pilates Pro'),(145,'Zumba Dance'),(146,'Yoga Basics'),(147,'CrossFit'),(148,'Pilates Pro'),(149,'Zumba Dance'),(150,'HIIT Interval'),(151,'Pilates Pro'),(152,'Pilates Pro'),(153,'HIIT Interval'),(154,'HIIT Interval'),(155,'HIIT Interval'),(156,'HIIT Interval'),(157,'Spin Class'),(158,'HIIT Interval'),(159,'Cardio Blast'),(160,'Spin Class'),(161,'Cardio Blast'),(162,'HIIT Interval'),(163,'Pilates Pro'),(164,'HIIT Interval'),(165,'Strength Training'),(166,'Aerobics'),(167,'Strength Training'),(168,'HIIT Interval'),(169,'Spin Class'),(170,'Cardio Blast'),(171,'Aerobics'),(172,'Kickboxing'),(173,'Kickboxing'),(174,'HIIT Interval'),(175,'Kickboxing'),(176,'Pilates Pro'),(177,'Cardio Blast'),(178,'HIIT Interval'),(179,'Cardio Blast'),(180,'Spin Class'),(181,'Strength Training'),(182,'Spin Class'),(183,'Kickboxing'),(184,'Aerobics'),(185,'Yoga Basics'),(186,'Cardio Blast'),(187,'CrossFit'),(188,'Aerobics'),(189,'HIIT Interval'),(190,'CrossFit'),(191,'Aerobics'),(192,'Spin Class'),(193,'Spin Class'),(194,'Kickboxing'),(195,'Kickboxing'),(196,'Kickboxing'),(197,'Aerobics'),(198,'Kickboxing'),(199,'CrossFit'),(200,'HIIT Interval'),(201,'Zumba Dance'),(202,'Pilates Pro'),(203,'CrossFit'),(204,'Zumba Dance'),(205,'Aerobics'),(206,'Pilates Pro'),(207,'Kickboxing'),(208,'Kickboxing'),(209,'Zumba Dance'),(210,'CrossFit'),(211,'Strength Training'),(212,'Kickboxing'),(213,'Spin Class'),(214,'Cardio Blast'),(215,'Zumba Dance'),(216,'CrossFit'),(217,'HIIT Interval'),(218,'Kickboxing'),(219,'Aerobics'),(220,'Spin Class'),(221,'Cardio Blast'),(222,'Strength Training'),(223,'Strength Training'),(224,'Spin Class'),(225,'Kickboxing'),(226,'Aerobics'),(227,'Yoga Basics'),(228,'Pilates Pro'),(229,'Zumba Dance'),(230,'Cardio Blast'),(231,'CrossFit'),(232,'HIIT Interval'),(233,'Zumba Dance'),(234,'Yoga Basics'),(235,'Zumba Dance'),(236,'Zumba Dance'),(237,'Spin Class'),(238,'Yoga Basics'),(239,'Pilates Pro'),(240,'Spin Class'),(241,'Pilates Pro'),(242,'Zumba Dance'),(243,'CrossFit'),(244,'Pilates Pro'),(245,'CrossFit'),(246,'HIIT Interval'),(247,'Spin Class'),(248,'Kickboxing'),(249,'Yoga Basics'),(250,'Yoga Basics'),(251,'Aerobics'),(252,'HIIT Interval'),(253,'Kickboxing'),(254,'Spin Class'),(255,'CrossFit'),(256,'Cardio Blast'),(257,'Strength Training'),(258,'Cardio Blast'),(259,'CrossFit'),(260,'Zumba Dance'),(261,'Aerobics'),(262,'Pilates Pro'),(263,'Strength Training'),(264,'Zumba Dance'),(265,'Yoga Basics'),(266,'Strength Training'),(267,'HIIT Interval'),(268,'Yoga Basics'),(269,'Strength Training'),(270,'Strength Training'),(271,'Strength Training'),(272,'Zumba Dance'),(273,'HIIT Interval'),(274,'Zumba Dance'),(275,'Kickboxing'),(276,'Pilates Pro'),(277,'HIIT Interval'),(278,'Aerobics'),(279,'Aerobics'),(280,'Cardio Blast'),(281,'Zumba Dance'),(282,'Cardio Blast'),(283,'Cardio Blast'),(284,'Spin Class'),(285,'Zumba Dance'),(286,'Zumba Dance'),(287,'Aerobics'),(288,'Yoga Basics'),(289,'Zumba Dance'),(290,'Strength Training'),(291,'CrossFit'),(292,'Aerobics'),(293,'Aerobics'),(294,'Pilates Pro'),(295,'Zumba Dance'),(296,'Strength Training'),(297,'Yoga Basics'),(298,'Zumba Dance'),(299,'CrossFit'),(300,'Kickboxing'),(301,'Yoga Basics'),(302,'Pilates Pro'),(303,'Cardio Blast'),(304,'Yoga Basics'),(305,'Kickboxing'),(306,'CrossFit'),(307,'CrossFit'),(308,'CrossFit'),(309,'Kickboxing'),(310,'Strength Training'),(311,'HIIT Interval'),(312,'Kickboxing'),(313,'HIIT Interval'),(314,'CrossFit'),(315,'Cardio Blast'),(316,'Zumba Dance'),(317,'Aerobics'),(318,'Pilates Pro'),(319,'Cardio Blast'),(320,'Strength Training'),(321,'Strength Training'),(322,'Yoga Basics'),(323,'Yoga Basics'),(324,'Zumba Dance'),(325,'Strength Training'),(326,'Aerobics'),(327,'Strength Training'),(328,'Spin Class'),(329,'CrossFit'),(330,'Aerobics'),(331,'Spin Class'),(332,'Aerobics'),(333,'Pilates Pro'),(334,'Yoga Basics'),(335,'Yoga Basics'),(336,'Yoga Basics'),(337,'Aerobics'),(338,'Strength Training'),(339,'Kickboxing'),(340,'Spin Class'),(341,'Spin Class'),(342,'CrossFit'),(343,'Pilates Pro'),(344,'Cardio Blast'),(345,'Spin Class'),(346,'Pilates Pro'),(347,'Aerobics'),(348,'Aerobics'),(349,'Yoga Basics'),(350,'Spin Class'),(351,'Yoga Basics'),(352,'Kickboxing'),(353,'Spin Class'),(354,'CrossFit'),(355,'Spin Class'),(356,'CrossFit'),(357,'Strength Training'),(358,'Strength Training'),(359,'HIIT Interval'),(360,'Aerobics'),(361,'HIIT Interval'),(362,'Cardio Blast'),(363,'Kickboxing'),(364,'Kickboxing'),(365,'Pilates Pro'),(366,'CrossFit'),(367,'HIIT Interval'),(368,'Strength Training'),(369,'Zumba Dance'),(370,'Yoga Basics'),(371,'CrossFit'),(372,'Aerobics'),(373,'Kickboxing'),(374,'Strength Training'),(375,'Strength Training'),(376,'Cardio Blast'),(377,'Yoga Basics'),(378,'HIIT Interval'),(379,'Kickboxing'),(380,'Spin Class'),(381,'CrossFit'),(382,'Pilates Pro'),(383,'Cardio Blast'),(384,'Strength Training'),(385,'Strength Training'),(386,'Kickboxing'),(387,'Yoga Basics'),(388,'Spin Class'),(389,'Yoga Basics'),(390,'Strength Training'),(391,'Kickboxing'),(392,'Yoga Basics'),(393,'HIIT Interval'),(394,'Spin Class'),(395,'Aerobics'),(396,'CrossFit'),(397,'Strength Training'),(398,'Strength Training'),(399,'HIIT Interval'),(400,'CrossFit'),(401,'Strength Training'),(402,'Zumba Dance'),(403,'Zumba Dance'),(404,'Zumba Dance'),(405,'CrossFit'),(406,'CrossFit'),(407,'Zumba Dance'),(408,'Aerobics'),(409,'CrossFit'),(410,'Zumba Dance'),(411,'Pilates Pro'),(412,'Zumba Dance'),(413,'Zumba Dance'),(414,'Aerobics'),(415,'Kickboxing'),(416,'Spin Class'),(417,'Aerobics'),(418,'Pilates Pro'),(419,'Aerobics'),(420,'Yoga Basics'),(421,'Zumba Dance'),(422,'Kickboxing'),(423,'Zumba Dance'),(424,'Pilates Pro'),(425,'Yoga Basics'),(426,'Spin Class'),(427,'Spin Class'),(428,'HIIT Interval'),(429,'Yoga Basics'),(430,'Spin Class'),(431,'Aerobics'),(432,'Cardio Blast'),(433,'Kickboxing'),(434,'Aerobics'),(435,'Yoga Basics'),(436,'Pilates Pro'),(437,'Zumba Dance'),(438,'Pilates Pro'),(439,'Yoga Basics'),(440,'Spin Class'),(441,'Spin Class'),(442,'Yoga Basics'),(443,'Aerobics'),(444,'Aerobics'),(445,'Yoga Basics'),(446,'Kickboxing'),(447,'Aerobics'),(448,'Cardio Blast'),(449,'Zumba Dance'),(450,'Yoga Basics'),(451,'Yoga Basics'),(452,'Spin Class'),(453,'Aerobics'),(454,'Zumba Dance'),(455,'Kickboxing'),(456,'Zumba Dance'),(457,'Pilates Pro'),(458,'Strength Training'),(459,'Cardio Blast'),(460,'Pilates Pro'),(461,'Pilates Pro'),(462,'HIIT Interval'),(463,'Kickboxing'),(464,'Spin Class'),(465,'CrossFit'),(466,'Strength Training'),(467,'Strength Training'),(468,'Strength Training'),(469,'Spin Class'),(470,'Kickboxing'),(471,'Spin Class'),(472,'Pilates Pro'),(473,'Aerobics'),(474,'Cardio Blast'),(475,'Kickboxing'),(476,'Yoga Basics'),(477,'Strength Training'),(478,'Zumba Dance'),(479,'Pilates Pro'),(480,'CrossFit'),(481,'Yoga Basics'),(482,'Strength Training'),(483,'Yoga Basics'),(484,'Strength Training'),(485,'Yoga Basics'),(486,'Yoga Basics'),(487,'Kickboxing'),(488,'Zumba Dance'),(489,'Spin Class'),(490,'Spin Class'),(491,'Yoga Basics'),(492,'Strength Training'),(493,'Pilates Pro'),(494,'Aerobics'),(495,'Aerobics'),(496,'Yoga Basics'),(497,'CrossFit'),(498,'Strength Training'),(499,'HIIT Interval'),(500,'Yoga Basics');
/*!40000 ALTER TABLE `courses` ENABLE KEYS */;
UNLOCK TABLES;

--
-- Table structure for table `employees`
--

DROP TABLE IF EXISTS `employees`;
/*!40101 SET @saved_cs_client     = @@character_set_client */;
/*!50503 SET character_set_client = utf8mb4 */;
CREATE TABLE `employees` (
  `employee_id` int NOT NULL AUTO_INCREMENT,
  `fn` varchar(99) DEFAULT NULL,
  `ln` varchar(99) DEFAULT NULL,
  `phone` varchar(99) DEFAULT NULL,
  `email` varchar(99) DEFAULT NULL,
  `hire_date` datetime DEFAULT NULL,
  PRIMARY KEY (`employee_id`)
) ENGINE=InnoDB AUTO_INCREMENT=498 DEFAULT CHARSET=utf8mb4 COLLATE=utf8mb4_0900_ai_ci;
/*!40101 SET character_set_client = @saved_cs_client */;

--
-- Dumping data for table `employees`
--

LOCK TABLES `employees` WRITE;
/*!40000 ALTER TABLE `employees` DISABLE KEYS */;
INSERT INTO `employees` VALUES (1,'Grant','Duran','(429)207-8797','jesserose@example.com','2022-04-10 13:02:56'),(2,'Dustin','Bowen','001-830-464-7401x869','francojason@example.net','2022-10-31 01:04:36'),(3,'Adam','Martin','840-921-8005','fduncan@example.com','2020-01-16 18:41:25'),(4,'Harold','Watkins','+1-249-938-5639x97105','julie17@example.org','2022-12-06 14:21:28'),(5,'Monique','Buchanan','+1-287-557-3441','john59@example.net','2020-09-30 01:35:48'),(6,'Stacy','Hoffman','+1-407-515-0972x2644','iwilliams@example.net','2021-08-15 02:20:43'),(7,'Jason','Cox','(895)590-6005','roberthaley@example.net','2023-11-14 03:30:54'),(8,'Michael','Bowers','+1-498-642-6198','rogermiller@example.org','2022-01-07 16:45:31'),(9,'Pamela','Johnson','4394713314','uvance@example.com','2023-08-19 15:22:50'),(10,'Melissa','Casey','756.485.3062x460','sabrinataylor@example.com','2020-11-02 22:02:12'),(11,'Ryan','Humphrey','001-611-820-8848x371','fitzgeraldmary@example.com','2020-10-15 21:07:17'),(12,'Amy','Cunningham','627-489-2466','emmapreston@example.net','2023-04-17 02:02:58'),(13,'Christine','Sutton','(261)592-0064x044','moorealexander@example.com','2022-02-11 19:39:58'),(14,'Michelle','Hall','444-374-5414x5343','jessicacastaneda@example.com','2021-08-21 08:41:49'),(15,'Shawn','Riley','+1-224-969-7876x965','nmcfarland@example.com','2022-06-18 21:06:35'),(16,'Christina','Nicholson','001-940-483-8496','wattsjoseph@example.net','2023-10-12 19:31:29'),(17,'Edward','Smith','636.588.0793','michelle01@example.com','2022-03-28 08:40:47'),(18,'Raymond','Hernandez','(586)538-9920','alexis34@example.net','2020-12-27 15:39:17'),(19,'Matthew','Wilkinson','875.446.9799','jkelley@example.com','2020-03-17 19:50:19'),(20,'Kristen','Aguilar','387-239-4160','rileydanny@example.net','2021-06-24 11:17:05'),(21,'Brandi','Jordan','(483)950-2682x45485','taylor07@example.net','2021-07-09 15:49:24'),(22,'Michael','Park','991-852-9784x71779','yrobinson@example.org','2021-05-11 17:20:58'),(23,'Jennifer','Frank','289.267.3765x52684','daniellecollins@example.com','2021-06-15 02:43:05'),(24,'Madison','Gomez','001-573-813-0155x36639','jeffrey98@example.com','2020-01-08 03:39:58'),(25,'Paul','Ferguson','+1-527-758-7622x40897','aaron40@example.net','2023-07-10 12:54:31'),(26,'Taylor','Freeman','001-833-707-4278','christopher36@example.org','2023-05-17 13:29:25'),(27,'Heather','Stone','9027623455','astone@example.net','2020-06-01 14:31:01'),(28,'Joseph','Ferguson','287.547.6021','lawrencebrooke@example.org','2021-04-26 07:11:29'),(29,'Elizabeth','Garcia','(524)986-4566x25029','zdavis@example.com','2020-01-05 20:55:58'),(30,'Edward','Lewis','812-413-3027','shari01@example.net','2020-03-18 23:06:56'),(31,'Mitchell','Thompson','(916)493-5669x67295','barrettkatherine@example.net','2021-03-07 12:33:05'),(32,'Daniel','Fox','+1-866-688-8265x28633','samantha31@example.net','2023-07-22 22:08:39'),(33,'Miranda','Johnson','985-859-8700x900','jessicafoster@example.net','2022-01-01 21:03:59'),(34,'Susan','Davis','(608)911-2973','gregorymullins@example.com','2023-03-28 22:29:30'),(35,'Paul','Hall','+1-940-249-6196','madison82@example.org','2023-08-08 17:12:04'),(36,'Keith','Gibson','5074031017','angelica94@example.com','2022-09-23 18:41:14'),(37,'Emily','Davis','+1-661-399-4634','allendarryl@example.net','2023-11-09 13:51:44'),(38,'Nicole','Ortiz','(835)318-4503x66259','jean45@example.com','2020-12-24 16:28:55'),(39,'Madeline','Scott','583-291-7267x6899','leemartin@example.net','2020-08-21 08:46:02'),(40,'Mary','Gallagher','+1-797-503-5041x332','michaelstephanie@example.org','2023-04-02 07:55:50'),(41,'Kelly','Wilson','001-500-275-8420','zrussell@example.net','2020-12-05 07:14:13'),(42,'Tiffany','Rodriguez','(799)976-1942x8551','fhunt@example.com','2023-03-16 14:13:24'),(43,'Mathew','Hall','7284375717','jennifer12@example.net','2022-08-15 15:07:51'),(44,'Andrea','Floyd','597.550.6339','mikestein@example.net','2023-09-19 22:13:42'),(45,'John','Johnson','001-306-856-7489x19363','joyce62@example.com','2023-06-09 20:38:58'),(46,'Rhonda','Richardson','(682)609-1722x1672','penalouis@example.net','2020-03-22 06:37:33'),(47,'Victoria','Griffith','654-294-8163x2336','jamesturner@example.com','2022-04-25 16:26:43'),(48,'Andre','Smith','001-202-460-0648x719','cswanson@example.org','2023-01-14 09:06:52'),(49,'Anthony','Williams','001-328-860-0557','christopher03@example.net','2023-06-16 12:41:30'),(50,'Alexandra','Allison','(971)676-5605x886','sharon16@example.org','2021-12-22 17:03:32'),(51,'Eric','Jones','001-434-864-6880','mark28@example.com','2020-10-19 12:32:16'),(52,'Nancy','Hudson','(572)848-4345','liujohn@example.org','2022-07-14 02:52:25'),(53,'Karen','Sandoval','373.232.3972x103','dustin07@example.com','2020-04-25 03:52:48'),(54,'Kenneth','Hernandez','827.600.4005x52784','blankenshippatricia@example.org','2021-01-11 18:42:30'),(55,'Curtis','Smith','6009326388','xchung@example.com','2021-04-03 15:22:34'),(56,'James','Aguilar','(337)733-3733','pamela03@example.com','2022-12-09 16:50:40'),(57,'Veronica','Ho','221.268.8393','tvasquez@example.net','2023-01-06 07:22:17'),(58,'Mary','Martin','494-858-2793x56273','racheltaylor@example.com','2020-09-21 02:05:09'),(59,'Dakota','Serrano','8873888606','joshua46@example.net','2021-04-19 14:35:33'),(60,'Peter','Torres','5538341589','ppowers@example.com','2020-06-10 01:28:16'),(61,'Carolyn','Donovan','6748857770','theodore31@example.org','2020-02-21 15:21:05'),(62,'Paul','York','+1-424-882-5981x9964','droberts@example.org','2021-01-09 19:51:02'),(63,'Vanessa','Smith','665.695.6877','ubradley@example.net','2020-07-23 08:38:09'),(64,'Lori','Scott','(507)600-5953','ibaldwin@example.com','2023-02-12 15:20:09'),(65,'Stephanie','Colon','+1-213-399-1376x3432','cherylbrewer@example.org','2020-07-26 14:26:52'),(66,'April','Melton','+1-520-944-6744x556','amyallen@example.net','2022-12-12 20:26:06'),(67,'Brittany','Larsen','+1-556-300-2215x161','michaellee@example.net','2021-10-25 21:14:04'),(68,'Aaron','Simmons','001-899-925-6749x447','crystal67@example.org','2020-08-28 03:56:13'),(69,'Mark','Collins','(514)267-2984x62602','jphelps@example.com','2021-08-11 05:29:43'),(70,'Sue','Duran','(655)624-0063x97599','davidchambers@example.com','2022-07-21 15:51:43'),(71,'Joshua','Kane','001-907-614-6689x45449','ballann@example.net','2023-09-29 22:12:00'),(72,'Jerry','Green','(554)637-3114','eturner@example.org','2020-09-27 18:56:46'),(73,'Kevin','Richards','001-655-937-3817','cassandra58@example.org','2021-05-30 22:32:46'),(74,'Kathleen','Barnes','971.573.5788x0934','nschneider@example.net','2021-12-29 08:08:18'),(75,'Harold','Paul','206.614.3873x49798','michael77@example.org','2022-08-19 16:30:28'),(76,'Evelyn','Davis','533-348-2400x76381','kellyholly@example.org','2021-01-19 23:16:13'),(77,'Sarah','Murray','001-908-656-5511x64882','hkennedy@example.com','2020-02-07 01:18:47'),(78,'Douglas','Allen','903.358.4233','leebruce@example.com','2021-11-28 07:00:59'),(79,'Amy','Nelson','(898)700-0657x3261','hnichols@example.net','2021-05-11 15:35:46'),(80,'Christopher','Lowe','920-677-8913x6947','suttonmatthew@example.org','2021-10-21 13:34:55'),(81,'Michelle','Bond','800-747-9145x132','rellis@example.org','2020-07-06 09:59:26'),(82,'Henry','Young','7287622404','jordanmonica@example.net','2023-04-08 15:42:54'),(83,'John','Coleman','(841)752-2148x0837','utaylor@example.com','2022-03-26 17:53:52'),(84,'Veronica','Waters','716-882-0179','amy73@example.net','2020-04-20 12:08:16'),(85,'Paul','Moore','495-680-3207x90317','mauricetorres@example.net','2022-07-18 02:05:09'),(86,'Shelly','Fisher','001-300-547-5337x35744','brent48@example.org','2020-05-06 23:05:06'),(87,'Cheyenne','Patton','5367697689','ramoslindsey@example.org','2021-02-27 23:51:52'),(88,'Lisa','Nguyen','3177827133','stewartjody@example.net','2020-07-26 04:23:22'),(89,'Margaret','Campbell','+1-616-731-3506','ipatterson@example.net','2022-08-22 02:08:53'),(90,'William','Perry','+1-760-263-9952','barbarapotts@example.com','2020-11-03 22:23:57'),(91,'Michael','Dougherty','(460)541-8274','hannah87@example.org','2020-11-09 01:49:46'),(92,'Rebecca','Bradley','(482)874-7460x47461','kbrown@example.net','2022-08-23 06:42:25'),(93,'Kathryn','Reed','363-573-0334','bradleyemily@example.net','2020-06-07 10:27:56'),(94,'Anthony','Davis','+1-393-917-6291x9892','matthew18@example.org','2022-01-14 05:31:59'),(95,'Mariah','Mckenzie','+1-409-895-1979x7524','gmarshall@example.org','2023-09-09 00:50:59'),(96,'Jaime','Cannon','228.908.5049x9204','watkinstamara@example.net','2022-09-05 07:18:21'),(97,'Dennis','Bailey','616-866-3663x4482','millerphilip@example.net','2021-08-21 14:52:13'),(98,'Eric','Brown','3748003393','noahclark@example.net','2022-02-03 05:51:32'),(99,'Daniel','Duncan','655-947-7343x02891','carterallison@example.org','2021-07-14 03:38:19'),(100,'Timothy','Khan','(682)793-2726','courtney88@example.com','2020-01-01 21:14:24'),(101,'Austin','Ramos','(662)451-3421x56453','brandon82@example.net','2022-03-24 16:21:04'),(102,'Mary','Day','(706)661-2981','tiffanyterry@example.com','2023-04-01 09:39:57'),(103,'Bryce','Garrett','001-226-367-5396','jallen@example.org','2021-05-09 23:08:46'),(104,'Robert','Ward','(603)280-5854x6581','qwhite@example.com','2021-07-25 01:45:05'),(105,'Andrea','Meadows','(702)493-5656x8125','flee@example.com','2021-12-28 16:58:46'),(106,'Wesley','Davis','+1-703-897-4648x03746','allisonjensen@example.net','2023-08-26 17:56:34'),(107,'Debbie','Ayala','+1-594-440-2935x0602','alyssa24@example.com','2020-11-28 01:46:29'),(108,'Heather','Ho','+1-529-868-4926x7821','ralph70@example.org','2021-06-05 05:53:16'),(109,'Timothy','Walters','001-564-758-4573','dunnsteven@example.com','2020-07-06 08:14:44'),(110,'Ashley','Simpson','941.329.2633','karensummers@example.com','2021-08-28 22:45:03'),(111,'Karen','Miller','001-509-526-9713x5904','henry80@example.net','2023-02-20 15:39:59'),(112,'Anthony','Rodriguez','001-996-790-7174','qgutierrez@example.com','2022-05-23 03:19:21'),(113,'Allison','Hall','+1-706-480-9720x3860','kimberlywright@example.com','2020-01-23 15:08:03'),(114,'Kevin','Cooper','501.546.2236x53647','cathyperkins@example.net','2022-08-31 18:48:29'),(115,'Steven','Yates','(767)734-9178x2396','cpugh@example.net','2021-12-14 17:14:29'),(116,'Emily','Nelson','803-731-6380x2575','loganbrittany@example.org','2022-05-17 15:17:07'),(117,'Christopher','Sweeney','+1-274-452-9034','zlee@example.net','2022-03-03 23:54:47'),(118,'Nancy','Rivera','(274)807-9645x1024','kurt33@example.org','2020-05-24 07:18:49'),(119,'Theresa','Lopez','001-580-432-9124x9965','anthonysingh@example.net','2020-09-11 05:50:45'),(120,'Billy','Mccullough','+1-411-907-8580x735','richard34@example.com','2023-01-16 06:09:42'),(121,'Melissa','Schmidt','001-913-637-7811x08350','longcynthia@example.com','2023-07-09 11:59:13'),(122,'Donald','Riley','+1-988-466-6868x6264','mark90@example.org','2020-10-10 17:27:22'),(123,'Elizabeth','Mann','429-427-9542','lcortez@example.net','2021-11-06 08:30:55'),(124,'Johnny','Garcia','3004127445','tmunoz@example.net','2020-01-22 06:24:42'),(125,'Rebecca','Ferguson','763-247-3423x180','michaelwebb@example.net','2022-08-09 23:48:33'),(126,'Michael','Green','+1-936-962-1089x7699','carolyndiaz@example.com','2023-05-16 02:49:51'),(127,'Ashlee','Garcia','992-433-4877x92796','david10@example.com','2022-03-04 20:21:49'),(128,'Brad','Patel','+1-770-686-8003x29486','jonescourtney@example.org','2020-05-27 06:30:45'),(129,'Samantha','Garcia','(582)613-2555','ashley41@example.com','2020-11-26 10:21:38'),(130,'Laurie','Herman','478-545-8605','jerome17@example.org','2022-03-18 14:40:49'),(131,'Jeffrey','Wagner','(304)639-3144x031','alyssa25@example.net','2021-05-04 20:08:37'),(132,'Jonathan','Cooley','469-584-2018x3800','ycoleman@example.org','2021-08-12 09:17:52'),(133,'Randy','Hernandez','690.749.8041','james26@example.com','2022-09-15 22:52:47'),(134,'Valerie','Mason','001-715-926-1925','belindafoster@example.org','2022-12-28 17:11:37'),(135,'Rodney','Wilson','+1-425-677-0920x66708','ashley96@example.net','2022-07-16 00:58:21'),(136,'Michael','Castillo','+1-412-668-5601x97627','lynchsherry@example.com','2022-12-24 06:48:36'),(137,'Ronald','Atkins','4545228266','oalexander@example.org','2022-02-07 14:50:01'),(138,'Elizabeth','Roberts','(250)298-5355','alexanderdonald@example.com','2022-04-12 11:03:26'),(139,'James','Pearson','659.647.7297','gmunoz@example.org','2020-03-20 03:44:10'),(140,'Felicia','Cooper','881.833.7949','william61@example.org','2023-10-18 11:07:18'),(141,'Monica','Huerta','+1-428-601-9410x495','matthew04@example.net','2022-11-08 00:20:45'),(142,'Thomas','Torres','(493)336-1152x1968','michelleolsen@example.com','2022-10-26 20:21:03'),(143,'Carrie','Johnson','001-940-804-7984x30780','natalie99@example.org','2021-01-27 23:48:53'),(144,'Melinda','Wagner','4297437208','donald19@example.org','2023-02-18 18:36:59'),(145,'Jessica','Garcia','(622)376-6009','kendrahernandez@example.net','2023-08-09 04:10:43'),(146,'Anna','Reed','001-793-856-8211x58354','edward02@example.org','2021-11-09 17:23:02'),(147,'Lacey','Martin','995-932-6342x044','meganrubio@example.org','2022-04-01 13:50:03'),(148,'William','Stout','(786)886-8118x93651','brendaclark@example.org','2022-08-15 07:56:15'),(149,'Shane','Lynn','846.701.6272','davidhamilton@example.net','2021-07-12 18:35:21'),(150,'Alex','Thompson','+1-496-302-8485x0543','crystal08@example.org','2021-09-28 05:54:48'),(151,'Jessica','Washington','(402)212-2653','rmcdonald@example.net','2021-09-22 13:41:38'),(152,'Gary','Duncan','+1-772-427-9782x32151','huntersarah@example.com','2021-09-23 15:44:15'),(153,'Jaime','Castro','(565)518-0506','watsonpaul@example.com','2020-12-25 00:59:29'),(154,'Jasmin','Long','786-478-2966x3659','ericameyers@example.net','2023-10-14 18:03:27'),(155,'Alexander','Martin','2927810505','ireyes@example.org','2022-03-13 20:59:08'),(156,'David','Dalton','468-968-9425x313','eboyd@example.net','2021-12-20 14:06:41'),(157,'Ashley','Friedman','001-201-872-1602x90113','ismith@example.com','2023-02-24 17:08:55'),(158,'Jasmine','Johnson','001-661-383-3931x426','carl93@example.net','2022-09-08 21:35:41'),(159,'Vickie','Small','+1-780-904-4629x975','kennethgoodman@example.net','2020-09-08 15:59:51'),(160,'Jared','Mcbride','+1-744-904-2305x078','michele22@example.net','2021-08-18 21:21:20'),(161,'Megan','Bennett','(921)640-7426x31805','parkerjose@example.net','2023-03-16 13:33:05'),(162,'Kelsey','Cochran','265.443.5309','spruitt@example.com','2023-03-08 18:06:49'),(163,'Tonya','Smith','524.366.8243x42593','ymason@example.com','2021-04-18 01:27:50'),(164,'John','George','677.774.3252','tami59@example.net','2020-05-29 05:12:35'),(165,'Matthew','Bryant','(517)618-8111x46388','eatonjill@example.com','2023-11-01 10:20:02'),(166,'Leah','Washington','6278038926','andersonjohn@example.com','2022-11-26 07:02:20'),(167,'Edward','Morton','4869789682','blogan@example.com','2023-10-25 04:18:47'),(168,'David','Mills','418.808.0924x00318','castromichele@example.org','2023-06-26 11:48:00'),(169,'Lisa','Smith','5408155273','leekristy@example.net','2021-04-10 06:35:48'),(170,'John','Johnson','292.476.6660','jreid@example.net','2022-09-21 18:00:29'),(171,'Jason','Barrett','+1-603-310-4556x39457','michaelcollins@example.net','2021-02-05 04:00:02'),(172,'Shaun','Zamora','+1-850-576-6312','seancarey@example.net','2023-10-04 21:44:03'),(173,'Dustin','Marshall','688-278-7101x439','anthonyallen@example.net','2022-10-15 18:35:12'),(174,'Katherine','Lynch','001-452-510-9870x62026','asmith@example.net','2023-04-17 19:31:19'),(175,'Mason','White','202.695.1837','alexandrahester@example.net','2020-08-06 06:37:49'),(176,'Thomas','Barrett','(968)865-3257','foleycassandra@example.com','2021-03-08 16:39:10'),(177,'Julia','Pena','(836)567-5110x059','jkelly@example.com','2022-06-16 21:59:29'),(178,'Nathan','Nielsen','+1-359-841-8682x12989','xchristian@example.net','2023-05-02 20:12:00'),(179,'Holly','Scott','(535)960-1990x7674','parrishmathew@example.org','2021-12-15 22:36:49'),(180,'Amy','Meyer','(930)360-3034x2772','xmcgrath@example.net','2020-04-15 02:36:21'),(181,'Angela','Williams','+1-399-296-4525x427','acontreras@example.net','2023-07-24 02:47:45'),(182,'Lorraine','Hicks','2348912900','conleyvincent@example.com','2020-03-22 03:11:53'),(183,'Ariel','Vaughan','802-696-0163','summerperez@example.net','2021-01-08 06:41:54'),(184,'Courtney','Shannon','500.332.9157','nathaniel14@example.com','2023-10-15 13:17:34'),(185,'Lisa','Hodge','(702)241-6399x812','jcortez@example.net','2021-04-06 23:22:09'),(186,'Elizabeth','Charles','001-257-678-2852x2711','lewisashley@example.com','2023-03-25 23:54:54'),(187,'Andrew','Hoffman','(578)910-8344x212','christian13@example.com','2023-03-15 16:28:31'),(188,'Gregory','Jones','836.319.4034','pjohnson@example.org','2022-04-27 18:18:36'),(189,'Mark','Jackson','(312)838-5091x52111','ohendricks@example.org','2023-09-28 22:31:18'),(190,'Richard','May','(674)954-9778','anthony85@example.com','2020-10-25 01:28:19'),(191,'Brandon','Collins','001-414-474-6386x6990','prodriguez@example.org','2022-06-20 10:45:56'),(192,'Kathy','Grant','(723)623-6935x2464','nathantate@example.net','2022-07-09 10:45:00'),(193,'Christina','Bowman','780.731.7014x6132','xvillegas@example.net','2023-06-15 08:02:17'),(194,'Rodney','Zimmerman','+1-887-973-4166x7693','lauramiller@example.com','2021-11-22 13:56:08'),(195,'Paula','Mcdonald','540-545-5553x1566','andersenkimberly@example.com','2021-08-31 19:33:11'),(196,'Samuel','Harrison','001-243-490-6026x8623','jacobpearson@example.com','2020-03-31 18:23:10'),(197,'Michael','Fowler','274-825-2058','elizabeth66@example.net','2020-04-29 11:48:32'),(198,'Tracie','Collins','223-745-4133x025','ronald83@example.org','2021-12-01 20:09:33'),(199,'Lisa','Moore','(846)990-5242x2493','rachelbradley@example.net','2023-03-17 08:11:39'),(200,'Samuel','White','(617)767-6241','michelle25@example.org','2021-12-08 15:37:15'),(201,'Abigail','Mitchell','(438)630-9861x0830','pennyschultz@example.com','2023-04-12 19:21:04'),(202,'Julie','Frey','790-324-3641','aaron53@example.com','2020-05-12 09:32:25'),(203,'Keith','Velasquez','001-255-294-4058x883','garcialaura@example.org','2023-07-12 00:51:23'),(204,'Michael','Kent','564-778-6585x721','burtonchristopher@example.com','2021-03-26 15:41:47'),(205,'Nicholas','Higgins','2592389071','brandon76@example.net','2022-03-23 10:21:51'),(206,'Sara','Hernandez','638.389.0623','dadams@example.net','2021-05-19 13:01:49'),(207,'Jerry','Finley','(566)453-9733x5730','gordondaniel@example.com','2022-07-03 20:54:35'),(208,'Jodi','Hudson','4176629069','henry48@example.com','2021-07-30 02:48:18'),(209,'Francisco','Mcintyre','(692)528-0256x830','wilsonrebecca@example.net','2020-07-27 13:17:22'),(210,'Aaron','Evans','847.420.8913','jonesjennifer@example.net','2021-11-16 09:34:10'),(211,'Jennifer','Green','(422)530-8027x382','cmartin@example.net','2022-09-19 10:33:32'),(212,'Brian','Brooks','+1-444-788-3434x98119','kelleyandrew@example.org','2021-10-13 22:29:06'),(213,'Brenda','Jackson','(564)537-4320','efischer@example.com','2022-05-29 21:09:54'),(214,'Michelle','Holmes','726-902-1462','amber16@example.org','2023-04-07 16:53:56'),(215,'Christina','Beard','(754)212-8646','oscar74@example.org','2020-02-21 14:42:45'),(216,'Joshua','Mcconnell','239-517-4958','dhuber@example.com','2023-02-22 23:18:57'),(217,'Sharon','Howard','687.248.5852x342','yorknicole@example.com','2022-02-16 22:18:28'),(218,'Rachel','Garcia','533-370-8328','lbennett@example.org','2022-08-20 07:54:47'),(219,'Olivia','Smith','917-258-8226','adamsnicole@example.org','2022-02-18 02:38:01'),(220,'Carol','Dyer','+1-213-952-2808x73811','hannahryan@example.com','2020-10-05 10:38:23'),(221,'Susan','Cruz','589-794-9209x033','daviddavis@example.com','2021-08-19 02:30:19'),(222,'Nancy','Mcclain','461.749.6700x474','iharrison@example.com','2023-08-27 07:15:12'),(223,'Cristian','Martin','001-995-659-6915x27960','pjackson@example.org','2022-05-02 05:58:05'),(224,'Timothy','Riley','(491)228-2265x7029','johnny78@example.org','2022-07-28 09:54:55'),(225,'Richard','Johnson','001-326-818-4197','schneidermichael@example.com','2021-09-18 20:41:22'),(226,'Nicholas','Morris','+1-672-903-8756','williamhardy@example.net','2020-09-23 05:25:15'),(227,'Robert','Werner','519-500-2309x209','ethannguyen@example.org','2022-04-30 01:49:04'),(228,'Ashley','Marsh','+1-550-291-1647x33183','chasekelly@example.net','2021-08-08 22:40:26'),(229,'Antonio','Bush','956.439.4819x9930','lfranco@example.org','2021-12-13 08:39:05'),(230,'Marie','Jones','884-925-3964x5252','alexishays@example.com','2022-11-06 02:08:47'),(231,'Michael','Sherman','(790)426-9757','ujones@example.org','2022-04-20 06:07:07'),(232,'Jessica','Odom','(545)954-3216','brandi19@example.net','2020-07-05 20:33:35'),(233,'Jennifer','Boyd','001-528-985-5329','osmith@example.org','2022-09-17 04:41:14'),(234,'Joe','Guerrero','408-362-4153x804','whitakerandrew@example.net','2021-03-20 15:56:53'),(235,'Emily','Cruz','517.201.2398x157','lunakatherine@example.org','2020-01-24 17:35:38'),(236,'Sherry','Mack','(379)949-0647','nathanwilliams@example.net','2021-06-21 17:39:52'),(237,'Sandra','Harris','2468597643','kdonaldson@example.net','2020-03-28 18:40:04'),(238,'Jane','Hawkins','(581)324-6686','dustin78@example.org','2022-12-10 13:24:48'),(239,'Amy','Campbell','001-562-891-4640x9209','butlerjoseph@example.org','2022-06-17 01:18:18'),(240,'Paul','Matthews','001-705-589-4975x5742','hjordan@example.com','2022-06-05 15:17:11'),(241,'Justin','Willis','629-462-3015x4835','rogerscameron@example.net','2021-02-27 02:13:12'),(242,'Tyler','Thomas','423-483-2659x695','bethany02@example.net','2020-12-26 14:10:01'),(243,'John','Williams','231-674-2696','henrygomez@example.org','2023-01-18 13:33:21'),(244,'Brian','Peterson','+1-513-901-8900x142','patricklee@example.com','2020-08-02 15:42:59'),(245,'Sarah','Rosales','001-913-509-7773x9313','bmartinez@example.com','2020-11-29 12:20:09'),(246,'Juan','Weeks','6869894388','daniel09@example.net','2023-02-26 23:33:55'),(247,'David','Jones','719-664-4102','qking@example.net','2020-10-05 18:22:16'),(248,'Jasmine','Davis','213-545-9123x2672','robertmoody@example.net','2020-09-22 16:14:46'),(249,'Joshua','Lucas','+1-430-799-9197x4237','svaldez@example.net','2023-07-07 13:25:17'),(250,'Alicia','Johnson','+1-914-627-8299x571','emilygonzales@example.com','2020-12-24 21:07:41'),(251,'Christian','Webb','474.791.2752x82105','natasha92@example.net','2022-07-27 01:37:36'),(252,'Marcia','Jimenez','806.667.2184','myersmeredith@example.org','2022-02-19 20:12:58'),(253,'Jon','Garcia','626.746.8547','dbradley@example.org','2022-10-20 21:53:57'),(254,'Jesus','Estrada','+1-918-514-3185x9666','ashley96@example.com','2020-03-27 23:04:32'),(255,'Madison','Reed','001-776-902-0865x46667','qscott@example.net','2020-10-08 15:49:38'),(256,'Daniel','Clark','7747120994','jacksonmatthew@example.net','2023-11-03 15:19:39'),(257,'Joshua','Hunt','+1-601-404-8719x924','catherine85@example.com','2020-08-24 22:46:37'),(258,'David','Wilson','+1-484-682-5013x98242','jameslivingston@example.org','2021-03-03 10:43:05'),(259,'Elizabeth','Moreno','+1-791-832-6300x7330','jamesjohnston@example.net','2020-12-22 16:04:46'),(260,'Nancy','Cole','001-219-647-2377x268','stacy46@example.com','2023-02-01 22:35:05'),(261,'Gregory','Price','(306)775-0886','bradleyrose@example.org','2021-03-22 16:21:54'),(262,'Traci','Walker','001-451-902-7779','janice95@example.org','2021-08-18 21:55:31'),(263,'Julie','Hester','(515)285-1720','rachelfrancis@example.net','2022-04-19 12:25:59'),(264,'Gerald','Maldonado','+1-311-540-4556x126','dariusmitchell@example.com','2020-04-05 02:56:58'),(265,'Angel','Garcia','5468703005','catherinewright@example.org','2021-10-25 06:41:12'),(266,'Kelly','Watson','(725)754-1855','jennifer86@example.com','2023-03-20 15:21:47'),(267,'Cameron','Fisher','4794674012','isimmons@example.org','2022-01-21 20:57:15'),(268,'Judith','Wilson','476-920-7513x3866','daryl63@example.org','2020-07-03 15:04:36'),(269,'Alexander','Townsend','+1-481-420-5431x634','baldwinreginald@example.org','2022-04-28 20:40:58'),(270,'Sharon','Cannon','356.243.4164','owensjoseph@example.com','2023-11-15 10:53:23'),(271,'Kevin','Lopez','723-380-4676','kenneth82@example.com','2021-09-20 11:37:19'),(272,'Sandra','Harrison','267.434.1916x2102','zavalasandra@example.com','2020-03-18 00:36:16'),(273,'David','Chang','001-379-958-1407x764','rhondacalderon@example.com','2020-01-29 02:42:04'),(274,'Russell','Garrison','+1-967-794-3427x792','karipadilla@example.net','2022-12-02 14:27:52'),(275,'Kristen','Pace','(974)698-7447x6346','ruizkenneth@example.com','2022-05-10 18:43:04'),(276,'Sarah','Foster','001-526-570-1811x61142','amy70@example.com','2023-06-23 04:38:04'),(277,'Kylie','Le','594-899-3108','carolwalker@example.net','2022-07-29 06:34:01'),(278,'Jared','Guerra','301-505-3299x090','carlvaughan@example.net','2020-08-01 12:31:46'),(279,'Paula','Mitchell','001-431-429-8508','nicole03@example.com','2020-05-28 19:15:05'),(280,'Steven','Silva','(210)548-0922x333','sandersjoel@example.org','2021-06-06 14:01:14'),(281,'Ricardo','Reed','+1-391-407-3448x247','katie98@example.com','2020-01-20 06:31:05'),(282,'Tracy','Curtis','626.679.6434','markcarter@example.net','2020-11-09 21:53:22'),(283,'Shannon','Smith','(627)269-3450x517','kevinwhite@example.com','2020-06-09 06:12:43'),(284,'Thomas','Riley','001-247-888-2241x075','wolfeearl@example.org','2020-11-10 10:34:38'),(285,'Michael','Todd','001-348-730-3961x8342','erinperkins@example.net','2020-02-24 08:31:06'),(286,'Larry','Thompson','(583)894-6606x238','klopez@example.com','2023-10-11 07:18:05'),(287,'Tricia','Valdez','+1-222-568-3488x48487','johnnichols@example.net','2023-07-12 07:27:23'),(288,'Anthony','Hampton','001-693-984-0570','erinshah@example.com','2021-04-07 18:18:21'),(289,'Karen','Gray','001-862-878-6111x46956','jonesjohn@example.net','2022-09-28 01:07:05'),(290,'Susan','David','992.440.4191x8828','sonia36@example.net','2020-05-21 03:04:14'),(291,'Tiffany','Hunt','(966)270-6505x652','fschmidt@example.com','2023-04-19 19:08:05'),(292,'Joseph','Herring','631-976-7491x91438','chad77@example.com','2021-09-06 20:00:05'),(293,'Michaela','Townsend','001-672-257-9525x40145','davidmiller@example.net','2023-07-28 12:04:19'),(294,'James','Mendez','764.317.0302','hermanmikayla@example.org','2023-03-05 12:59:41'),(295,'Mark','Ballard','(582)908-5063x730','hernandezjerry@example.org','2020-01-16 16:51:07'),(296,'Daniel','Simon','001-358-209-5692','dwade@example.com','2022-05-06 03:34:12'),(297,'Amber','Leach','001-965-978-0894','wwillis@example.org','2023-08-04 22:06:43'),(298,'Wendy','Johnson','001-412-267-7353x888','acastillo@example.com','2023-05-23 20:43:23'),(299,'Steve','Martin','(895)328-6191x22517','gonzalezkatherine@example.org','2022-08-17 01:09:55'),(300,'Rachel','Gonzales','523.372.5225','annetodd@example.net','2021-10-23 13:43:09'),(301,'Nicole','King','(959)245-7368','tjones@example.com','2020-08-21 05:45:16'),(302,'Steven','Powers','+1-481-808-9982','nealrebecca@example.net','2022-05-20 08:08:42'),(303,'Michael','Jones','301-615-4698x49198','dorothyjenkins@example.org','2023-04-04 11:34:16'),(304,'Matthew','Dean','392.998.6497','tiffany69@example.com','2020-03-06 19:49:50'),(305,'Michael','Allen','5625730389','gmartin@example.net','2022-08-08 06:31:26'),(306,'Robert','Baker','+1-623-220-6850x94472','laurengomez@example.net','2020-12-31 14:06:12'),(307,'James','Welch','+1-688-776-6107x1578','nicole17@example.org','2022-01-15 19:08:52'),(308,'Robert','Conner','(646)924-7591','rowemichael@example.net','2021-12-17 12:19:01'),(309,'Benjamin','Rogers','(262)499-3217x87240','victoria62@example.com','2021-11-15 20:42:35'),(310,'Jeffrey','Murillo','+1-494-445-0912x0800','uthomas@example.org','2020-02-21 01:22:01'),(311,'Kathleen','Lee','(620)462-0715x382','stevensjordan@example.org','2021-09-05 03:59:05'),(312,'Shannon','Quinn','001-532-261-1752','xbentley@example.com','2022-08-06 04:07:15'),(313,'Ralph','Wilkins','6967913699','nheath@example.net','2023-09-30 05:01:08'),(314,'Thomas','Mclaughlin','+1-490-700-3996','lrosales@example.net','2023-01-01 17:59:29'),(315,'Kimberly','Miles','(787)893-1870x240','ulee@example.org','2020-07-02 17:29:17'),(316,'Kyle','Williams','675-712-3104x967','xdavis@example.org','2021-03-02 11:17:19'),(317,'Nicole','Combs','745-669-0527x55499','yclark@example.net','2022-10-13 22:50:30'),(318,'Kenneth','Williams','(837)579-2144','iroberts@example.com','2022-04-26 19:53:04'),(319,'Jonathan','Allen','(973)513-7695x3869','shirley28@example.org','2020-04-03 19:06:54'),(320,'Leslie','Thompson','+1-941-579-9891x4216','ogonzales@example.org','2022-12-06 22:05:26'),(321,'Brittany','Fisher','001-773-248-7050x3992','karina84@example.com','2021-07-09 04:56:03'),(322,'Jeffery','Bird','645-304-3023','fmoore@example.org','2021-04-15 12:38:20'),(323,'Alison','Wade','+1-924-452-0500x128','ericaobrien@example.com','2021-11-03 11:08:48'),(324,'Derek','Cruz','(562)711-3224x6298','james50@example.com','2022-01-24 13:56:55'),(325,'Stephen','Hall','(707)804-2648','zmedina@example.net','2021-04-02 20:39:39'),(326,'Debbie','Cruz','001-725-260-3620x8039','stephaniecompton@example.com','2022-06-01 18:17:02'),(327,'Sara','Diaz','(316)356-1488x315','jeffreyarellano@example.net','2023-08-31 03:59:47'),(328,'Robin','Armstrong','701.954.7918','ewright@example.com','2020-04-23 12:23:25'),(329,'Tina','Miller','+1-689-770-1234','adkinsgregory@example.org','2020-03-26 14:23:31'),(330,'Tammy','Navarro','+1-880-407-1587x78901','myerspatricia@example.net','2020-02-24 06:44:53'),(331,'Kevin','Wilson','+1-225-489-6741x94158','gvaughan@example.org','2020-10-03 08:27:52'),(332,'Alan','Holt','802.409.4092x1974','wendyfrye@example.org','2021-10-12 21:20:10'),(333,'Krista','Lopez','001-511-204-2185x804','rachael67@example.org','2020-03-13 05:05:08'),(334,'Cynthia','Anderson','692-381-5226','riceclaudia@example.org','2023-08-12 03:53:52'),(335,'Robert','Marshall','634-377-6409','christine81@example.org','2022-09-29 11:53:33'),(336,'Heather','Stone','(717)862-9002x350','philip17@example.org','2020-12-12 01:27:23'),(337,'Denise','Thomas','+1-378-924-1451','gregory07@example.net','2023-04-25 03:34:21'),(338,'Jessica','Hill','(575)867-6663x281','rodriguezbenjamin@example.net','2021-07-11 21:05:37'),(339,'John','Mercado','666.791.9624x77143','fdavies@example.com','2021-02-02 12:25:00'),(340,'Barry','Diaz','001-745-822-9199x551','erinbrown@example.net','2020-03-08 04:45:59'),(341,'Jennifer','Burnett','898.850.7397x0316','william85@example.net','2023-10-31 18:15:28'),(342,'James','Martin','(352)408-4906','vromero@example.org','2020-12-24 09:00:00'),(343,'Angela','Robinson','405-911-1885x477','dennisallen@example.com','2022-01-21 00:05:55'),(344,'Michelle','Pierce','+1-560-288-3513x0158','mosscristina@example.com','2022-05-18 20:27:47'),(345,'Blake','Gallegos','995-936-7541x8460','frederick84@example.net','2022-01-16 21:43:23'),(346,'Howard','Barajas','293-526-9850x53491','craig75@example.net','2021-10-19 17:17:26'),(347,'Tyler','Todd','5475906901','eugene92@example.net','2020-05-10 19:22:05'),(348,'Andrea','Herrera','+1-955-438-4244x3955','foxjames@example.net','2020-02-04 14:10:39'),(349,'Christopher','Jackson','(941)312-9359x83613','zstevens@example.org','2020-08-03 22:45:16'),(350,'Derek','Sanchez','771.735.9868','pricejoseph@example.com','2023-05-30 00:36:31'),(351,'Austin','Marks','399-220-2480x7264','davidhicks@example.com','2020-10-09 22:48:28'),(352,'Kent','Rose','(598)770-4854x64300','browntony@example.com','2022-06-11 23:37:44'),(353,'Jonathan','Johnson','420-251-3188','davisjeffrey@example.net','2021-01-31 12:42:46'),(354,'Bonnie','Kennedy','429.897.9532x26685','gonzalezedward@example.org','2021-01-12 09:18:31'),(355,'Alexander','Carney','001-478-335-5737x60693','dwebb@example.com','2021-01-25 16:44:21'),(356,'Ronald','Brandt','001-723-836-8979x592','sydneybrown@example.org','2020-08-29 15:48:40'),(357,'Julie','Hurley','489.984.7866','jason21@example.net','2021-03-11 21:26:52'),(358,'Donna','Larson','828-358-6473x98240','brandonthomas@example.net','2022-11-02 01:50:08'),(359,'Robert','Pacheco','(640)989-8347','sstewart@example.net','2022-03-08 23:25:50'),(360,'Catherine','Roberts','(730)917-9114x4039','reyesann@example.org','2021-04-01 03:11:23'),(361,'Michelle','Roberts','230.426.2328','robertsrebecca@example.org','2023-05-06 23:00:03'),(362,'Sarah','Reynolds','001-213-672-1871','jacobsmith@example.com','2022-05-19 03:27:53'),(363,'Rose','Fox','001-905-261-8849x23282','westcharles@example.net','2021-10-04 06:02:48'),(364,'Christian','Mcgee','646-771-7124','clayerica@example.org','2023-01-31 04:16:24'),(365,'Shannon','Garcia','(659)516-5744x0682','murraylisa@example.net','2021-07-03 11:48:33'),(366,'Melissa','Stafford','(275)519-7779','donald90@example.org','2020-07-25 15:21:15'),(367,'Nicole','Reese','001-761-293-1069x858','millerevan@example.net','2021-11-04 21:29:57'),(368,'Sheila','Reynolds','(669)315-5891','tdeleon@example.net','2022-10-15 21:34:02'),(369,'Amanda','Baxter','(251)498-6048x684','scampbell@example.com','2020-04-04 02:24:04'),(370,'Samantha','Wilson','001-425-236-3471x0871','qbennett@example.org','2023-03-03 16:19:03'),(371,'Lisa','Rose','(787)410-7840','garciaronald@example.com','2020-01-19 14:02:48'),(372,'Kristina','Bell','873.505.8833x360','jacob16@example.net','2021-03-13 11:39:28'),(373,'Kimberly','Edwards','+1-279-822-4451x1341','jason57@example.org','2023-03-28 05:09:03'),(374,'Abigail','Jimenez','(928)610-8956x5019','christopher30@example.net','2022-02-21 19:03:39'),(375,'Brian','Ryan','679-356-4711x577','theresa63@example.org','2023-02-09 07:41:53'),(376,'Amanda','Moore','001-269-768-1345x6920','barbara56@example.net','2020-08-11 08:47:45'),(377,'Amy','Lee','(813)266-1889','thomasfernandez@example.net','2023-10-05 19:32:54'),(378,'Michael','Greer','(403)801-7391x6142','paulduke@example.com','2021-10-04 07:03:48'),(379,'Cindy','Baker','+1-563-600-9777x554','echapman@example.net','2020-12-06 16:40:39'),(380,'David','Graham','(476)966-3281x374','alangilbert@example.net','2023-06-29 19:11:20'),(381,'Elizabeth','Smith','894-392-9646','carolyn31@example.com','2020-07-18 07:51:22'),(382,'Melissa','Olson','001-700-581-3086x662','rivasalexander@example.com','2020-02-07 23:06:38'),(383,'Jennifer','Wheeler','(823)524-0603x6577','april44@example.net','2020-10-17 00:42:18'),(384,'John','Davis','+1-755-484-1339','mclaughlinmichael@example.org','2023-08-10 19:21:41'),(385,'Kenneth','Gutierrez','690-806-4129','toddlewis@example.com','2023-06-28 19:42:17'),(386,'Tanya','Freeman','+1-661-220-7481x881','ngarcia@example.com','2022-12-24 14:23:03'),(387,'Jeffrey','Hopkins','(394)212-4155x5067','rachel90@example.org','2021-01-19 23:37:53'),(388,'Christopher','Kirk','626-555-0595x58275','robinsonsara@example.net','2020-09-03 04:11:05'),(389,'Beth','Kelly','+1-884-215-8963x4327','jessicajordan@example.org','2020-06-07 18:35:44'),(390,'Paul','Stanton','(956)398-3333x80099','nicholegrimes@example.net','2023-09-16 12:32:07'),(391,'Michael','Rios','001-522-599-6363x196','rhonda86@example.org','2023-03-20 23:07:45'),(392,'Joseph','Wilson','812.808.7099x91822','melvingarcia@example.com','2022-07-07 16:38:30'),(393,'David','Avery','+1-931-285-7869x50180','derek05@example.net','2023-09-10 02:42:53'),(394,'Mark','Williams','(593)221-6957x913','katietorres@example.com','2023-06-26 16:14:35'),(395,'Michael','Gross','+1-613-509-5475','sheila38@example.net','2022-11-05 14:23:55'),(396,'Brittany','Garrett','001-301-264-1741x9873','andersonkari@example.com','2021-06-16 01:42:30'),(397,'Crystal','Garcia','750-465-7712x6851','cjones@example.net','2021-08-27 09:52:51'),(398,'Dana','Wright','614.695.8565x015','jtaylor@example.net','2021-06-16 20:11:05'),(399,'Patricia','Ferrell','001-641-371-9495x85495','zbowman@example.com','2023-07-11 01:42:11'),(400,'Sydney','Jones','(530)877-7202','kbrown@example.net','2021-04-20 07:44:58'),(401,'Charles','Wolf','552-826-7467x587','fwilliams@example.com','2021-11-26 21:06:11'),(402,'Courtney','Schmidt','809.820.6595','valeriesanchez@example.net','2023-06-01 10:05:35'),(403,'Ann','Jones','560.837.2720','tranalexandra@example.com','2022-01-14 10:14:16'),(404,'John','Dudley','8057552223','kevinhill@example.net','2023-03-07 05:10:49'),(405,'Jacqueline','Sandoval','234-808-2095x80108','qkelly@example.com','2022-12-05 01:14:22'),(406,'Douglas','Baxter','001-664-482-4660x981','kevinjones@example.com','2020-11-15 14:39:12'),(407,'Michael','Smith','8299244007','hudsondarin@example.org','2021-08-08 00:13:07'),(408,'Theresa','Patterson','(370)803-7038x145','justinrichardson@example.net','2023-01-02 02:20:01'),(409,'George','Smith','228-421-9205x8060','djohnson@example.org','2020-02-04 01:53:52'),(410,'Francisco','Carter','958-253-0459x688','donna68@example.com','2022-06-29 03:32:35'),(411,'Ashley','Shea','950.373.9999x36063','robert08@example.org','2021-04-27 13:03:49'),(412,'Brian','Richards','001-973-676-8521x802','blakemoreno@example.com','2022-12-06 17:11:48'),(413,'Gregory','Osborn','+1-366-721-4010x28964','ifuentes@example.com','2022-10-12 09:11:27'),(414,'Dakota','Hernandez','9526430602','mglover@example.org','2020-06-01 06:48:16'),(415,'Amanda','Cruz','843-543-5180x3954','webbandrew@example.org','2021-10-12 23:17:43'),(416,'Tracy','Gibson','+1-956-698-1291x1734','thomasjay@example.com','2021-11-10 00:42:11'),(417,'Brian','Ford','291.436.3614x09674','fbutler@example.com','2020-02-01 11:57:49'),(418,'Eddie','Porter','+1-616-614-8736x16332','jasonlewis@example.com','2022-05-31 13:19:03'),(419,'Stephanie','Martin','+1-342-409-2742x518','daviswilliam@example.com','2021-02-19 03:23:48'),(420,'Meghan','Thomas','001-314-219-7008x5628','reynoldstiffany@example.org','2022-07-18 06:34:30'),(421,'Sarah','Barrera','001-347-874-2249x8864','michael51@example.com','2020-08-07 05:47:47'),(422,'Stacy','Alvarez','001-380-893-4893x30129','jthompson@example.org','2020-01-12 17:16:45'),(423,'Darryl','Watson','2934332013','jamesnicholson@example.org','2021-12-26 11:43:22'),(424,'Dennis','Thomas','+1-939-646-9262x89837','cday@example.com','2020-12-21 19:23:32'),(425,'Angelica','Parsons','+1-410-214-3852x2936','randall84@example.com','2020-11-06 16:19:57'),(426,'Amanda','Richard','001-657-371-9751x39616','bradleyrichard@example.net','2021-05-16 14:13:05'),(427,'Nathan','Estrada','001-491-476-9998x6641','fpatel@example.org','2021-06-01 01:54:54'),(428,'Becky','Russell','520-496-2796','jefferyobrien@example.org','2022-06-02 00:35:16'),(429,'Erica','Anderson','001-663-962-1467x349','claytonjose@example.com','2021-09-06 21:13:18'),(430,'Jessica','Lowery','777.263.2227','keith01@example.com','2020-04-09 16:20:13'),(431,'Patricia','Eaton','+1-782-684-9779','nicholasrichardson@example.net','2023-07-16 10:54:01'),(432,'Mary','Herman','980-720-5907x845','matthewsmaria@example.net','2020-05-17 10:27:24'),(433,'Glenn','Anderson','214.363.8405x3120','donmahoney@example.com','2020-05-09 00:02:39'),(434,'Stacey','Dean','+1-907-848-2936','yrusso@example.net','2020-11-06 07:26:31'),(435,'Audrey','Hernandez','001-661-733-5181x53788','matthew85@example.net','2021-10-22 13:06:53'),(436,'Anthony','Castro','(914)699-2249','larryhess@example.com','2020-06-27 12:26:44'),(437,'Kevin','Mcfarland','(329)641-3955x65447','arellanodavid@example.com','2021-05-28 15:34:58'),(438,'Daniel','Hill','559.340.1110','ramireztara@example.org','2021-09-22 01:49:00'),(439,'Frances','Duncan','(859)559-9645','christinajones@example.net','2022-06-25 12:20:00'),(440,'Larry','Delgado','001-226-712-0373','drodriguez@example.org','2022-02-10 00:03:19'),(441,'Christina','Hatfield','910.722.9961x16391','shawregina@example.net','2022-02-20 09:47:06'),(442,'Hannah','Parsons','(506)804-0762x446','traceyromero@example.com','2022-07-20 07:48:12'),(443,'Daniel','King','(976)224-2585','vwashington@example.net','2022-07-13 05:59:46'),(444,'Bradley','Ward','+1-360-620-7685x030','ofrancis@example.com','2022-05-05 18:13:29'),(445,'Emily','Brown','+1-357-513-9442x860','malonerita@example.com','2021-08-17 06:58:55'),(446,'Karen','Walsh','986.384.7362x100','tracyrogers@example.org','2020-02-15 04:34:06'),(447,'Megan','Young','397.851.7753','margaretsmith@example.net','2021-12-06 13:46:42'),(448,'Joseph','Cruz','938-404-5147x83432','amy57@example.net','2022-11-02 04:18:08'),(449,'Ronald','Levine','(706)224-1243x96609','mckinneyamy@example.org','2021-05-22 13:22:36'),(450,'Monica','Green','822.881.3011x81269','chloemoran@example.net','2022-09-16 19:13:39'),(451,'Juan','Rogers','233.593.2470x238','cesarmiller@example.org','2022-04-01 05:45:48'),(452,'Dylan','Gray','(523)350-7468x2682','alyssa31@example.com','2022-06-30 02:06:54'),(453,'Danielle','Edwards','(396)366-9292','maymallory@example.com','2021-04-22 23:10:08'),(454,'Joseph','Floyd','851-322-3908','fmeyer@example.com','2022-05-31 16:07:22'),(455,'Victoria','Cooper','357-365-7608x0324','carlsonmegan@example.org','2020-04-20 07:49:17'),(456,'Christopher','Ray','+1-578-687-8029','victoriacraig@example.com','2021-02-08 17:52:16'),(457,'Matthew','Page','971-794-0412x898','claymelissa@example.net','2023-08-27 12:50:51'),(458,'Caroline','Burns','687-768-2510','lisa61@example.com','2020-09-09 02:58:55'),(459,'Dalton','Sandoval','(471)397-7274x9790','robert33@example.org','2023-11-01 23:04:50'),(460,'Jamie','Lee','680.631.0577','davisheather@example.org','2021-12-11 10:04:02'),(461,'Christian','Roberson','607-239-1513','kinggloria@example.net','2023-04-12 20:38:38'),(462,'Samantha','Carter','(768)784-5594x534','williamssamantha@example.org','2021-08-09 07:11:58'),(463,'Curtis','Phillips','(297)814-6978','christopher27@example.com','2021-03-01 03:16:50'),(464,'Michael','Hamilton','+1-246-237-7968x053','gomezheather@example.com','2021-11-12 20:41:48'),(465,'Carol','Sims','855.794.6400x903','jamesflowers@example.org','2020-07-05 19:10:32'),(466,'Stacy','Mitchell','891.448.2525x736','fhunter@example.org','2020-11-22 00:22:33'),(467,'Jeff','Ryan','(569)752-9364x33533','jacobsonrose@example.net','2023-11-05 15:05:41'),(468,'Joshua','Owens','(278)549-6166x298','ambermoore@example.net','2021-02-02 11:21:27'),(469,'Alicia','Jones','247-686-2524x3174','tara47@example.net','2023-02-03 20:18:08'),(470,'Jessica','Charles','8495862403','djones@example.com','2021-07-24 02:55:00'),(471,'Kevin','Stuart','423.623.5453','websterchristina@example.org','2023-02-09 20:41:49'),(472,'Jennifer','Dennis','203-774-6854x166','qkent@example.net','2020-12-19 18:09:54'),(473,'Felicia','Dixon','(470)288-5165','mercertanya@example.org','2022-07-11 10:52:11'),(474,'John','Vasquez','908.600.1283x64493','mgraham@example.com','2022-05-20 14:52:13'),(475,'Thomas','Walker','001-216-401-3549x46781','bradley34@example.org','2022-01-30 08:54:34'),(476,'John','Moore','(350)751-2159x899','taylor96@example.org','2021-08-19 21:22:56'),(477,'Mark','Sanchez','(648)327-5828x5717','patriciamurphy@example.org','2022-07-14 15:31:02'),(478,'Eugene','Johnson','+1-241-795-3367','holiver@example.org','2023-10-26 11:38:34'),(479,'Matthew','Carter','+1-406-607-6279x499','ntaylor@example.org','2022-06-29 00:39:28'),(480,'Bridget','Martinez','001-650-373-4041x64716','lmiller@example.com','2020-04-17 16:31:05'),(481,'Joshua','Lopez','286-491-1845x097','dan34@example.com','2023-10-21 20:21:51'),(482,'Brian','Howard','+1-367-983-0585x9906','michaelballard@example.net','2022-11-01 16:27:49'),(483,'Kevin','Boyer','001-785-469-9277x8053','kristiwatkins@example.org','2022-08-28 12:57:46'),(484,'Jackie','Burton','001-533-594-5368','nicole23@example.com','2021-02-08 03:54:29'),(485,'Catherine','Mercer','620-663-6752x15528','freemanbradley@example.org','2020-02-26 08:48:45'),(486,'Margaret','Gilmore','714.793.3767x70551','christinadiaz@example.org','2020-09-19 02:58:13'),(487,'Logan','Miller','208.463.7525','karen29@example.org','2020-11-30 03:04:41'),(488,'Kaitlyn','Wall','(368)515-7243x56431','nolanjoshua@example.com','2020-01-04 22:01:04'),(489,'Kyle','Hayes','9013670751','jay54@example.net','2021-02-16 05:11:04'),(490,'Brittney','Mclaughlin','728-472-3707x6159','elozano@example.net','2023-05-27 03:04:16'),(491,'Randy','Cook','(406)656-6638x00950','anna63@example.com','2021-11-21 07:46:40'),(492,'Cynthia','Davis','784-501-9734','baileymelissa@example.net','2022-03-11 00:21:48'),(493,'Stephanie','Hernandez','+1-224-760-8399x57253','molly92@example.com','2021-07-11 22:52:51'),(494,'Ronald','Powers','248.981.9366x19356','timothy32@example.com','2022-09-03 13:16:01'),(495,'Kevin','Patel','398.675.2103x342','ujones@example.net','2022-01-30 19:34:09'),(496,'Rhonda','Edwards','733.433.9667x0317','taylorcaitlin@example.org','2021-05-10 10:55:43'),(497,'Joshua','Welch','(584)862-0535','bradleyjesse@example.net','2023-03-31 06:40:46');
/*!40000 ALTER TABLE `employees` ENABLE KEYS */;
UNLOCK TABLES;

--
-- Table structure for table `equipment`
--

DROP TABLE IF EXISTS `equipment`;
/*!40101 SET @saved_cs_client     = @@character_set_client */;
/*!50503 SET character_set_client = utf8mb4 */;
CREATE TABLE `equipment` (
  `id` int NOT NULL AUTO_INCREMENT,
  `name` varchar(99) DEFAULT NULL,
  `manufacturer` varchar(99) DEFAULT NULL,
  `purchase_date` date DEFAULT NULL,
  `sn` varchar(99) DEFAULT NULL,
  PRIMARY KEY (`id`)
) ENGINE=InnoDB AUTO_INCREMENT=5 DEFAULT CHARSET=utf8mb4 COLLATE=utf8mb4_0900_ai_ci;
/*!40101 SET character_set_client = @saved_cs_client */;

--
-- Dumping data for table `equipment`
--

LOCK TABLES `equipment` WRITE;
/*!40000 ALTER TABLE `equipment` DISABLE KEYS */;
INSERT INTO `equipment` VALUES (1,'Medicine Balls','IronFlex Tech','2023-11-01','0HuE78lG0luc1UE2EbqTAlqAbkBH'),(2,'Medicine Balls','IronFlex Tech','2023-11-01','0HuE78lG0luc1UE2EbqTAlqAbkBH'),(3,'Dumbbells','EpicFit Systems','2001-11-18','XOLMvDHBUh0nR1y8bUdXpKkb6NBQ'),(4,'Dumbbells','EpicFit Systems','2001-11-18','XOLMvDHBUh0nR1y8bUdXpKkb6NBQ');
/*!40000 ALTER TABLE `equipment` ENABLE KEYS */;
UNLOCK TABLES;

--
-- Table structure for table `members`
--

DROP TABLE IF EXISTS `members`;
/*!40101 SET @saved_cs_client     = @@character_set_client */;
/*!50503 SET character_set_client = utf8mb4 */;
CREATE TABLE `members` (
  `id` int NOT NULL AUTO_INCREMENT,
  `first_name` varchar(99) DEFAULT NULL,
  `last_name` varchar(99) DEFAULT NULL,
  `phone` varchar(99) DEFAULT NULL,
  `email` varchar(99) DEFAULT NULL,
  `dob` date DEFAULT NULL,
  `join_date` date DEFAULT NULL,
  `address` text,
  `member_uuid` varchar(99) DEFAULT NULL,
  PRIMARY KEY (`id`)
) ENGINE=InnoDB AUTO_INCREMENT=498 DEFAULT CHARSET=utf8mb4 COLLATE=utf8mb4_0900_ai_ci;
/*!40101 SET character_set_client = @saved_cs_client */;

--
-- Dumping data for table `members`
--

LOCK TABLES `members` WRITE;
/*!40000 ALTER TABLE `members` DISABLE KEYS */;
INSERT INTO `members` VALUES (1,'Andrea','Bates','317-794-2101','erin97@example.net','1967-12-17','2006-11-19','PSC 8429, Box 2409, APO AE 40101','fb462074-5f79-413d-93be-884b80b60e58'),(2,'Patrick','King','(434)795-4656x905','allisongregory@example.com','1957-03-31','2023-03-14','80083 Jones Center, Santoshaven, NH 55049','586d6e63-f2c8-4460-bf3c-6068ecb6590a'),(3,'Todd','Robles','+1-522-423-8965x71191','deborahrussell@example.org','1985-05-05','1984-04-03','512 Bryan Pines, Lisafort, KY 42176','785d291d-d40a-441c-b23a-7b60acb99027'),(4,'Christian','Jones','4688280965','qpierce@example.net','1970-02-02','1992-10-07','839 Matthew Islands Apt. 669, Kaitlynshire, WV 39631','e0e27b7e-a96c-4f22-98ab-b036c22793f7'),(5,'Joshua','Hernandez','001-809-573-9969x8963','lanesarah@example.net','2007-11-01','1991-07-31','1295 Crystal Junction, New Breanna, WI 94357','fb549d10-d0d1-4d90-b93a-dee9751f01ba'),(6,'Kim','Thompson','001-460-740-4842x20425','april15@example.org','1990-05-03','2022-11-14','239 Robinson Greens, Marcbury, OK 68320','f72ff29e-d4df-454f-86d4-50bbd75e8733'),(7,'Karen','Munoz','+1-302-957-0609x49956','murphywalter@example.net','1935-08-07','2022-05-02','148 Kline Wall Apt. 698, South Whitney, WI 58917','230ffce1-2a40-45a3-8f52-378bc5a053f2'),(8,'Molly','Sanchez','978.951.5321','jasmine08@example.com','1955-03-11','2013-10-04','55501 Cobb Isle Apt. 100, South Christina, MN 36132','981d1d58-780a-4041-8f65-70e97fd152ee'),(9,'Thomas','Snow','+1-250-942-7449x51046','gonzalesjames@example.org','2020-01-11','2006-03-20','395 Rachel Flats, Lake Kaitlynbury, NJ 44681','ae205887-e1a6-4fb6-995e-23e01dfb99f1'),(10,'Jeremy','Stevenson','(663)688-0780','brownallen@example.com','1925-03-29','1975-12-11','13557 Jimenez Shores Suite 242, Amandafurt, IA 17780','40ba2fe9-0c83-459a-b3ef-c2c4db3b4959'),(11,'Eric','Mills','755-435-1181x7002','ncarrillo@example.net','2008-12-04','1987-11-01','8540 Fischer Shore, Munozhaven, GU 28433','6392e63c-867c-4177-8c06-fab7f8710bdd'),(12,'Rachel','Mcguire','725.953.3095x367','robertsonerika@example.com','2004-07-29','1975-09-06','854 Brooke Lock, East John, ID 05182','e1f06e2e-aa80-421b-9b4b-872c9b44d635'),(13,'Cassandra','Buchanan','3375726010','william70@example.com','1936-04-14','1995-08-15','050 Madison Avenue, West Katelynhaven, NE 73239','213994ac-3c57-49ae-a35a-2c8a772f5d60'),(14,'Angela','James','933-288-3167','sydney77@example.com','1954-07-30','2004-08-19','16400 Kimberly Trafficway, East Tristanville, OH 54195','19f5d34c-6c51-4903-a01e-eb7e5cd5c32f'),(15,'David','Houston','498.728.7103x9797','isabelclements@example.org','1922-07-28','1993-01-28','263 Yang Stream Suite 286, Michelleville, VI 04569','b9f15968-a0eb-47e6-aaba-4f88501cdb75'),(16,'Mason','Thompson','838.598.9209','cmendoza@example.org','2010-12-01','2003-03-06','06418 Paul Turnpike Suite 714, South Crystal, ID 92877','dc543a89-4da1-4f1e-acbf-1247be725c8a'),(17,'Shelia','Martin','(378)918-3742x498','makayla63@example.net','2022-06-07','2010-02-23','61669 William Cliff, Barnesbury, MH 98297','a15aff40-c5fb-46e8-b4ff-1605a11ca51d'),(18,'Suzanne','Collins','7333115274','lwallace@example.com','1932-12-09','1987-09-08','203 Arnold Gateway, Deanshire, PR 78345','1608c72c-e79e-4cf4-80a4-83c5b5764571'),(19,'Patrick','Medina','991.929.9984x3820','jamessanders@example.com','1988-10-31','1978-12-24','43755 Davidson Inlet Apt. 370, Baileyside, TX 85190','b638559b-2311-43bd-81a5-ecdf435f7842'),(20,'Jorge','Fernandez','+1-657-844-6320x454','stephanie16@example.com','2021-12-24','1978-06-01','47551 Lauren Islands Apt. 340, Joyceside, PA 31262','b201bc41-69ec-49f8-ad22-9c061717c132'),(21,'Megan','Norris','001-770-919-8473x46407','herringbetty@example.com','1995-12-19','2017-11-20','Unit 5256 Box 9319, DPO AE 33020','43dc71e3-51c9-48af-94c5-fc3c48498899'),(22,'Jessica','Berger','(592)389-9899','malloryclark@example.org','1944-10-25','2008-05-20','3787 Kelley Manors, Anthonyside, ND 75802','d16c3dae-7600-4d92-903b-858eb47b9670'),(23,'Chase','Berry','247-274-1163x81130','xreed@example.org','1974-07-12','2000-07-20','59519 Rebecca Mountains, Melissabury, NH 88544','dcb5b430-86d6-40a6-a2fd-52d5e5738a1c'),(24,'Zachary','Campbell','001-313-220-3703x52207','robinsonangela@example.net','1986-08-16','2001-03-14','94214 Browning Corner Suite 103, Brownstad, CO 51718','fb453b58-177c-44c0-8536-4ed0de8e3813'),(25,'Jason','Moore','(772)630-3801x598','xcook@example.net','1951-09-28','1986-08-18','49648 Patrick Turnpike Suite 147, Garciaview, NC 64784','24c65567-23f0-40c1-9289-f9f8b2634ffc'),(26,'William','Harper','(368)375-8465x03746','cmoss@example.net','1941-07-11','1978-04-02','6804 Darrell Points Suite 874, North Matthew, UT 59431','f27757be-0cb2-4686-9b77-5a7e3687e249'),(27,'Timothy','Young','(609)304-8270x247','alexandraramirez@example.net','1986-02-27','1996-12-04','2941 Brown Springs, West Michaelstad, DC 14397','c0fe878c-bad4-408a-b7db-37580cc87cb2'),(28,'Anna','Duke','729-771-8541','hmiller@example.net','1939-01-07','1996-07-20','990 Jacobs Union Apt. 731, North Briantown, PW 01657','9aec47e1-d2ff-46c4-88fc-e9b841f9c957'),(29,'Justin','Hurley','001-252-983-1478x3633','brenda93@example.com','1971-06-21','2007-07-17','6536 Chad Shores, Meadowston, MP 55364','c86bdaf0-942a-48b7-9be6-95b766aa13e1'),(30,'Kimberly','Collins','775-936-8648','ochoadavid@example.net','1979-12-19','2009-01-09','Unit 7819 Box 6998, DPO AE 89825','a6b4bb0f-ff23-49b6-8331-d07db841163f'),(31,'Mitchell','Rodriguez','421.587.8179x3013','lijason@example.com','1962-01-11','2013-08-21','652 Penny Inlet, Port Jonathan, CT 65893','af820675-78d0-4310-bff8-2ed5673428ed'),(32,'Travis','Chaney','+1-840-553-0846x767','richardsonteresa@example.com','2011-01-13','1984-09-18','13175 Rachel Dale, Michaelchester, NV 98980','d4202b7e-3968-48f8-af26-6a03f643e68d'),(33,'Timothy','Arnold','(892)670-0600x92972','brownlawrence@example.org','1925-03-14','2020-04-17','67687 Good Court, East Richard, DE 86389','696b2009-1d0d-4b1c-a712-3c8ec31d62a3'),(34,'Rhonda','Reeves','(734)908-6824','donald13@example.net','1943-06-24','1980-09-10','892 Blankenship Islands, Ericberg, WY 99360','3c7d7aad-94a5-49d7-b8f4-307267bef034'),(35,'Joy','Brown','308.222.9047','gary25@example.org','1971-10-30','1993-08-16','8034 Connie Crossing, Thomasmouth, LA 29894','2123249c-22d3-420d-97f6-7cecae3a8573'),(36,'Shawn','Moore','213.793.1556x8595','ericksonangel@example.com','1992-04-11','1994-01-08','53868 Morris Ville Suite 043, Kimport, VA 10345','efd1bbb3-32e7-4867-ba54-68ad2a9bfe2b'),(37,'Valerie','Carpenter','7638246258','afernandez@example.org','2022-11-09','2019-02-01','668 Ricardo Rapid Apt. 117, Michellemouth, OR 07512','9b5d1511-627b-4af0-98c5-596d1751b977'),(38,'Steven','Aguilar','368-501-1912','smithemily@example.org','1945-04-04','2009-01-15','858 Stephen Points Suite 152, South Brianville, LA 70340','15914792-79ee-4fc8-b0c1-c7d4500711cf'),(39,'Gina','Vasquez','389.432.3150','greg44@example.net','2014-07-29','1990-05-26','8644 Christopher Spring Apt. 893, South Amandachester, DC 57085','243a0bb6-a296-4872-ab17-65542825fb0d'),(40,'Rick','Gallagher','6269307604','marccooper@example.com','1995-09-30','1987-08-06','USCGC Martin, FPO AP 53028','932f8c0f-2a10-4d84-a7bd-c6dc2bae326f'),(41,'David','Donaldson','+1-995-621-7769x19148','gary15@example.org','1985-12-21','1999-03-20','57173 Alexander Club, Vanessatown, MH 16510','70d79984-9c4a-4936-896b-0e3fc56fc45d'),(42,'Toni','Bridges','001-763-423-6559','pricedavid@example.net','1977-04-19','1977-02-28','949 Hooper Streets, Birdview, OK 41534','2fd8319e-d663-4c91-b915-0f36f536d9b6'),(43,'Rachel','Lowe','6572745576','moorekathleen@example.com','1926-12-09','2011-03-02','896 Katherine River Apt. 166, Lake Tammy, VA 96417','ce454cd0-fb13-4ac0-9422-0a7e38ce5380'),(44,'Michael','Kent','(756)670-6259x69190','tanya63@example.org','1995-05-10','2009-06-12','55978 Adams Island Suite 567, Lake Jesse, NE 07567','352c69a0-401f-4eb1-86e0-aa473cc765ea'),(45,'Toni','Torres','(421)241-8891x80133','melissa54@example.com','2009-03-26','2002-10-23','6918 Thornton Track, South Bryanburgh, MI 99805','75b2048d-7b61-4552-9c8a-5867d4367570'),(46,'Michael','Lawrence','+1-792-300-4430x486','ian98@example.net','1949-09-24','2012-01-16','59060 Taylor Road, South Olivia, DE 16048','bce6093a-dd38-4f9c-bcd0-665378315343'),(47,'James','Ryan','(253)681-7980x00937','deborahmeyer@example.org','2010-07-10','1974-06-13','Unit 2239 Box 8394, DPO AP 65405','079804a6-64aa-4d1a-91fd-cb6598a6c730'),(48,'William','Long','580.433.4373','ellisonmark@example.org','1967-02-07','2017-08-05','641 Garcia Meadow Apt. 251, Sherryburgh, GA 92911','8dc31110-0c9c-4cd4-8641-3fb8172b7f6d'),(49,'Debra','Ortiz','+1-615-425-3024x4135','charleswilliam@example.com','2019-05-18','2021-08-20','352 Sergio Locks Suite 891, Sullivantown, WI 97591','ab3f15b6-c98c-4cd2-af9c-087f34ac7a63'),(50,'Kimberly','Chapman','223-739-2479x33410','yjackson@example.org','1968-07-16','2019-03-18','1852 Murphy Tunnel Apt. 223, West Ryanmouth, DE 79589','39d42e58-d53f-4b49-8097-0c0b08c0ae92'),(51,'Kenneth','Dixon','577.376.7316','ibriggs@example.org','2005-10-10','1975-03-04','2001 Mcclain Port Suite 529, North Angela, DE 82593','c6d77d9a-bd2e-4d26-be87-59607c532a6a'),(52,'Edward','Norman','(990)338-4345x862','kimberlylynch@example.net','1911-08-23','2011-03-21','USCGC Henry, FPO AE 22337','3558b004-e8be-499d-b826-42d10272c946'),(53,'Michael','Webb','974-437-6192','steven65@example.net','1974-01-11','1978-12-03','91711 Elaine Neck Apt. 481, South Stephentown, AK 90095','3860a3dc-9f1c-4681-a007-f49c609c0506'),(54,'Bruce','Mercer','(431)858-8502','mwilcox@example.com','2009-04-24','2000-06-29','380 Kevin Underpass, West Larry, FM 40333','923a00ae-29f9-46b9-8f3c-5bdcc3a6a11f'),(55,'Allison','Bailey','718-756-1103x65892','markdudley@example.net','1938-12-01','1994-03-06','6881 Tonya Mountains, New Felicia, OH 30730','ae5e7cca-b8da-4367-a7c2-958a8044d820'),(56,'Bethany','Collins','+1-936-793-9947x03233','jenniferlewis@example.org','1940-02-01','1999-10-06','078 Nunez Crescent Suite 662, Bridgesmouth, MT 14856','c185e9a5-9cfe-4fc5-b879-df9ad5a3aeb1'),(57,'Tiffany','Green','+1-654-565-6734x10741','angela97@example.org','2004-01-10','1999-02-27','076 Courtney Glen Suite 782, Joneston, KY 58800','ac7be00e-1922-4292-b1f3-bd1521678bfa'),(58,'David','Owen','566-590-4970x8146','brianjohnson@example.org','1958-10-01','1977-10-17','63655 Christopher Center, Floreshaven, NV 06388','546e7a75-675d-486e-9c0c-faac194e8ac2'),(59,'Antonio','Miller','001-431-377-3166','molly69@example.com','1993-08-19','1973-02-28','58599 Elaine Flats Suite 788, North Madison, NC 65401','2294c910-695e-4332-a8d4-93c5e7aa5fdd'),(60,'Douglas','Cox','629-561-9584x82818','phelpstyler@example.com','1936-10-31','1981-04-07','8296 Bryant Gardens, East Angelastad, IL 62494','54db7900-fcbc-4591-a47b-fa89c26ce533'),(61,'Tracey','Price','+1-593-695-6999x4079','mtorres@example.com','1989-07-14','2004-04-26','1508 Melissa Curve, Younghaven, WI 38898','9a9c1b27-e967-4fac-90c7-5766d89d3ace'),(62,'Whitney','Li','(426)693-2038','amysmith@example.net','1922-08-08','2005-06-25','2165 Nicholas Manor, Stanleyview, GU 29116','d634170f-2a7d-4eff-a262-fea8cd8fecd1'),(63,'Gina','Rodriguez','+1-291-608-1367','xwilliams@example.net','1943-03-09','1977-07-06','491 Cynthia Unions Apt. 680, Beckermouth, MI 14089','ae6004db-0c14-419f-a8d7-ae5befadb035'),(64,'Charles','Meyer','+1-719-798-0067x508','ortegaedward@example.org','1965-12-17','2003-07-04','7157 Martin Meadows Suite 365, North Kenneth, MT 95850','0ad2daf0-06a4-4a51-9ab7-04b250639ff6'),(65,'Joshua','Key','(216)747-2983x187','christopher90@example.org','2009-04-20','1973-11-10','31714 Schultz Parkways, North Vincentberg, MO 72702','5db5082f-9751-4db1-a144-079a741e6e48'),(66,'Jennifer','Reilly','+1-908-330-2936x779','nancydixon@example.com','2002-11-05','2010-04-14','54197 Mariah Isle, East Andrea, GA 15719','7962b07d-41e9-4aa2-9575-89cfec41bea9'),(67,'Alexandra','Whitaker','(634)568-4490x7057','balljade@example.org','1996-05-04','2014-02-11','27049 Tyler Brooks Suite 026, West Megan, MP 20967','6e55234a-a012-4f8c-b93e-cfc23c55604e'),(68,'Julian','George','(961)786-7372','nicholasfrost@example.net','2015-01-14','2023-07-08','514 Glass Lights Apt. 091, Roblesburgh, AK 85677','de9b4c71-9e9e-4260-9c54-bc353f27b460'),(69,'Tyler','Francis','6613821928','melissarusso@example.com','1944-06-16','1994-11-03','277 Bill Lock Apt. 361, Sanchezbury, IA 04044','85ec23bd-53de-4779-962a-8b5be68cabc6'),(70,'Christina','Gomez','783-836-7210','richard80@example.net','1979-06-18','2011-06-14','9991 Floyd Mountains, Janetberg, VA 22432','ffee3fef-b3ea-478c-b570-48b662ebaf48'),(71,'Seth','Perez','464-921-2896x0232','hudsonemily@example.com','2017-01-02','2017-06-08','773 Smith Forest Apt. 944, New Tammy, MN 34809','fb3fa83c-e1f6-4e71-b9b3-74db1a7e8895'),(72,'Amy','Walters','001-375-453-8769x11736','sotokristin@example.net','1950-07-26','1994-11-29','9291 Angela Summit Suite 055, Wendyburgh, SD 83103','adf1f226-f25a-4d47-ba4e-d8f6d91a4ef4'),(73,'Tammie','Peck','494.240.8427','james87@example.net','2001-03-16','2009-08-13','94384 Vasquez Drive, Christopherbury, KS 16411','247be271-e57a-41a8-8d7d-f4746636c1db'),(74,'Cynthia','Johnson','4876704857','christopher48@example.org','1909-12-27','1987-11-19','01744 Miller Locks Apt. 443, New Kimberlyport, MN 46878','4a3022e7-02ba-4190-be4d-2e6334132dc0'),(75,'Adam','Taylor','+1-317-389-3571x96811','marshalldanielle@example.net','1951-12-29','1981-03-29','914 Kristen Villages Suite 650, Collinschester, NJ 84291','a067c7f6-7293-49b5-b427-d66ae9ae40a2'),(76,'Melissa','Wise','001-767-473-7524x962','nathan20@example.org','2020-07-31','1997-04-23','0901 Gaines Mountains, Royville, WY 31572','76239b39-2613-483c-b416-413c33d52e0e'),(77,'Melissa','Williams','8142986232','glassscott@example.net','1921-09-13','1975-02-22','192 Browning Viaduct Apt. 606, Lake Debbieport, VT 55540','ac428587-72d4-43ea-858b-941061e199b7'),(78,'Shannon','Bell','2415648919','robinsonkenneth@example.com','1912-09-03','2018-02-27','3900 Diaz Plains Suite 346, North Bryanside, CA 73675','b2a8767b-84ab-4666-9fd3-98939440cfd8'),(79,'Brittany','Stewart','301.791.8060','dyork@example.org','1946-01-21','2018-06-08','08503 Love Locks, South Paulport, NV 70244','609eb6a1-b0df-49cf-8050-4585d10d3e9d'),(80,'Kathy','Lee','001-832-345-2794x64243','robertbanks@example.net','1936-05-30','2021-07-11','7417 Tyrone Expressway Suite 213, North Donaldport, KY 17419','9082a4e1-a143-4faa-8371-0dc8735810ec'),(81,'Kenneth','Houston','646.678.2547x08236','lopezanthony@example.org','1936-01-29','1972-07-09','240 Robert Road Suite 158, Port Jasmineside, CO 72823','0b4fe518-524d-4a22-86dd-ce3ba480de37'),(82,'Paula','Colon','(821)826-8331','tsoto@example.com','1919-05-13','2014-07-22','3017 Robinson Village Suite 193, Nathanstad, VT 70401','ac758a1f-bd90-49b3-a1da-5c86cf95be32'),(83,'Jason','Cruz','805.742.6089x772','paulbarrett@example.org','1966-07-28','1972-11-01','25133 Edwards Village, Jasminemouth, TN 52119','13411722-d33b-42e7-b7a2-b9a73207e50f'),(84,'Johnny','Rodriguez','001-845-304-5147','stonechristine@example.net','1965-11-15','1990-11-05','USNV Lozano, FPO AA 03440','2002cbd4-0dc0-4a23-850c-7c608750a677'),(85,'Michelle','Good','001-248-770-1494x220','brownnatalie@example.org','2009-09-01','2010-02-02','100 Denise Tunnel Suite 492, Port Jimmouth, PW 75742','4a493b0e-2ec4-429f-b83b-4182e2f9e188'),(86,'Brian','Reid','720-837-0574x332','zpowers@example.net','1985-11-17','1987-08-21','307 Robinson Shoal Apt. 899, New Rhondafort, CO 94214','08bdf2f2-0dac-4095-afd1-7b6e9e98da27'),(87,'Susan','Nelson','754.678.7488x551','stephaniehoover@example.net','1989-02-23','2021-03-20','4570 Ian Crest Suite 641, West Mary, IL 09647','bd5d9878-b609-41c7-9d25-8293403683a1'),(88,'Scott','Hall','747-227-2810x208','ksimmons@example.net','1991-12-20','1992-12-07','56409 Jacqueline Locks Suite 149, Johnsonport, PA 20428','4ac9cf6b-7bce-4a71-8794-83608795cd49'),(89,'Jocelyn','Thomas','001-950-425-3700x1465','gomeztina@example.com','1983-11-17','2016-05-25','PSC 8570, Box 7058, APO AA 15007','2767de76-cae8-4bca-be0a-9c607215d140'),(90,'Kevin','Jones','535-924-7019','amymoore@example.com','1985-07-21','2009-03-21','452 Michael Station, Seanmouth, NC 93447','5829a414-15cb-4c8a-89df-76a72ffb0d2c'),(91,'Steven','Jackson','001-967-676-8437x490','erin89@example.org','1997-01-05','1990-10-27','91950 Williams Locks Apt. 512, Miketown, UT 36538','1e61a1d7-0cc2-46f1-a4e4-4e825b6e8a2e'),(92,'Jason','Wright','+1-408-561-2527','garyaustin@example.org','1910-02-18','2013-03-22','24061 Gutierrez Mountain, Port Coreytown, ID 14586','b13c0764-2c21-4f75-897e-1b1d907e4ba7'),(93,'Carl','Fox','(207)912-7947x9404','myersmaria@example.net','1972-03-29','1978-08-12','91736 Morrison Shoal Suite 148, East Marytown, KS 12045','128f6af2-ea71-4a5f-a133-2a343ffe74a2'),(94,'Kimberly','Singleton','647-883-5764x6310','salinascharles@example.net','1942-04-11','1993-12-03','976 Shawn Land, Fischermouth, NC 76638','0e800e1f-6660-4668-9e29-c8efb10624fd'),(95,'Daniel','Smith','(705)521-5185','weaverjessica@example.com','1964-07-27','1970-09-06','9606 Brian Estates Apt. 092, Caitlintown, DE 18504','869d364f-0956-4be0-961c-45bfeb448ec4'),(96,'Nicole','Campbell','+1-685-923-5771','solisarthur@example.net','2009-03-12','2023-03-23','6876 Jackson Trafficway, Stevenberg, AZ 71084','422ac094-71c9-4562-94c7-ffb45b36525c'),(97,'Tony','Bell','+1-443-751-3740','nguyenhaley@example.org','1925-06-01','2010-12-16','1048 Alexis Spurs Suite 989, Port Jasonstad, MN 75092','18968784-597f-44ea-a96a-9cbaf8edd731'),(98,'Hannah','Garcia','001-391-239-4279x72146','holly24@example.org','1964-08-25','2020-06-30','USNV Mcmillan, FPO AA 21207','69bab090-b8b2-406d-9f0b-f03a1d52ed92'),(99,'Jennifer','Williams','505.481.7205x2079','caleb18@example.org','1935-07-13','1987-03-22','6163 Phillips Freeway Apt. 715, West Bill, SD 70404','8434d9b2-b53e-4b4b-bcdd-cb3fb82978cc'),(100,'Sean','Lawrence','+1-936-388-5520x4563','karenproctor@example.org','1990-09-03','1970-11-27','042 Kayla Coves Suite 903, West Amyfort, MT 94195','ece4b47a-e6b0-401e-9038-ad45ed865c98'),(101,'Sean','Donaldson','(590)753-7780x924','jamesramirez@example.com','2019-10-14','1971-01-12','969 Austin Ford, Margaretshire, FM 07749','7f039d0c-08e3-45e2-90c1-897791530aa5'),(102,'Lori','Ho','001-336-737-2658x9657','xthomas@example.org','1926-07-18','2012-09-04','4698 Espinoza Lock Apt. 084, Hillhaven, FM 33680','0d5b39c7-a4ac-4df1-9952-f055833c3761'),(103,'Daniel','Wyatt','+1-979-832-6544x94562','dawnwhite@example.net','1982-02-06','1991-03-09','785 Christopher Plains, Higginschester, MN 71315','e6262afa-0022-4440-9b51-cebaba98938d'),(104,'Melissa','Woods','+1-561-315-4931x99372','christopher66@example.org','1961-01-10','2015-03-19','309 Maldonado Camp, Murphytown, HI 37569','684a39a1-4946-42c5-8a3b-995015239bac'),(105,'Daniel','Valdez','+1-356-374-2576x753','jenna88@example.net','1968-12-25','1971-02-28','2545 Nichole Hills, Raymondville, WA 80560','7eba467d-77fc-4299-a7e4-9a18ac1fed5d'),(106,'Ethan','White','(848)442-7384x8818','justin73@example.net','2005-03-24','1974-03-08','75362 Mark Glen Suite 310, New Jasmineville, OR 27841','464b06fd-3a4d-4915-a67a-5400942d4d02'),(107,'Nathan','Knight','307-830-3564x191','cardenasmegan@example.com','1934-01-02','1981-01-22','9518 Hoffman Brooks, West Austin, NC 83101','4a4b4086-0570-440f-88e7-2dc975bc63c6'),(108,'Jennifer','Hurley','421.557.6362x2587','abigail69@example.org','2001-07-09','1974-12-02','67182 Roth Rapid Apt. 745, East Ashleyside, KY 33382','a7bb05a5-794d-4226-b00b-0505ea12e01b'),(109,'Troy','Travis','001-205-761-1701','summerstara@example.org','1953-07-11','2014-09-03','328 Anthony Shoals, Lake Kathryn, PW 53967','7365e50d-86a9-445f-b7cb-6e6573bfaeaa'),(110,'Brent','Mitchell','380-716-8608x82585','dbrown@example.com','2003-11-02','2017-08-30','88995 Green Manor Apt. 718, South Logan, PA 26076','eabdf0c8-e000-4974-8460-31f19840ce21'),(111,'Crystal','Dunn','580-994-1964','christopher85@example.org','1961-06-03','1985-11-09','USNV Garcia, FPO AP 89844','7ac2e1f9-f20a-48ff-bced-a9f5b6e915ae'),(112,'Stephen','Villanueva','001-987-433-5994x7324','kaitlin29@example.com','1930-08-13','2019-04-14','446 Brian Prairie, Lake Jerryberg, ID 99420','5690b302-f64f-4c84-8e64-e59925cde2aa'),(113,'Justin','Williams','318-929-0723','ralph12@example.net','1958-11-22','2017-07-18','7129 Lucas Bridge, Donaldton, GU 83499','fc228f2e-d1bc-415c-b39a-064d4f07feb3'),(114,'Bonnie','Baker','001-300-951-6344','kevinyang@example.org','1929-01-18','1986-12-18','233 Christopher Fords, West Ryanview, NJ 22128','34845011-e52a-4016-a614-d70308810d5b'),(115,'Jennifer','Reed','(352)751-4733','jwilliams@example.org','1980-08-12','1989-12-07','012 Nolan Rapid Apt. 181, New Maryside, FL 24833','0fb6f0b0-25d2-4a27-9d9a-a4d5bd6e09ab'),(116,'Susan','Flores','(230)993-1048x61981','cainbenjamin@example.net','2011-09-02','2002-06-05','61452 Robert Estates, Lake Fred, VA 54711','c17f5da6-6b24-41ec-8aa6-7eb4a9063be3'),(117,'Michael','Nichols','+1-795-318-8890x06182','paulklein@example.com','1966-09-16','1971-01-16','Unit 2654 Box 8911, DPO AA 17607','0e3f7fbb-8ee6-4760-acf7-649b5420accd'),(118,'Jennifer','Gaines','222.792.4103x9467','marthagarrett@example.net','1910-10-05','2012-03-01','316 Donna Courts Apt. 299, New Nicholasburgh, SC 50571','51234682-52c2-4f55-a8ed-e3cb477ba73f'),(119,'Kenneth','Miller','384.232.4720x065','cranekatherine@example.net','1986-02-10','2023-09-21','27391 Carr Road, Mccannburgh, LA 01551','ff5336af-fb09-4f96-802d-c8b3f81ceac2'),(120,'Tracy','Smith','(605)478-1652','xcordova@example.net','1964-11-02','2014-02-27','6368 Louis Mission, South Samantha, MA 66428','68533cbe-df68-4941-8d62-95da035f4025'),(121,'Meghan','Campbell','(540)962-2365','alexandragray@example.org','1958-05-19','2013-04-07','PSC 3540, Box 9190, APO AA 90501','517ee441-de83-40f4-b5a0-c9b3c6f9b301'),(122,'Anthony','Griffith','001-358-788-3830','zadkins@example.net','1942-07-07','2008-11-08','586 Matthew Walks, South Alexandra, NE 70941','5d9ac3c1-bfae-4d39-a5df-d06507301f52'),(123,'Vincent','Gould','766.298.4204x03786','holly36@example.net','1944-09-13','2015-12-22','1219 Martinez Field Apt. 303, Howardville, MD 21964','2069dac6-3e04-4a76-b008-0bcb30b643e4'),(124,'John','Frey','+1-601-361-2042','kelly44@example.com','1929-05-07','1991-07-28','7953 Brenda Ramp, Maryland, NV 58940','0f7b6dff-c7ac-489c-8d5f-c0f8cc66903a'),(125,'Scott','Whitaker','6298296227','villarrealcheyenne@example.net','1926-05-11','2022-01-24','632 Miller Turnpike Suite 148, South Dalefurt, OH 36061','99c7ef74-fe30-448a-8f09-f0e1a18316ec'),(126,'Kimberly','Anderson','834.572.8240','samantha36@example.org','1912-12-05','1972-11-21','053 Jamie Grove Suite 565, Melanieside, OK 54159','d3b07e01-6177-4112-85aa-5266cecc9e36'),(127,'Shannon','Bowman','001-927-688-1199x9757','hthompson@example.org','2013-07-14','1984-04-21','95320 Johnson Junctions, Brendafurt, ME 78256','da5e711f-5fe6-411a-9dcb-e6e6127191a1'),(128,'Donna','Chapman','001-816-708-4053x121','katherine29@example.org','1931-08-27','2001-09-17','064 Christopher Roads, Williamfurt, LA 19513','6c232b4d-f883-49e0-b6de-cf6646f41e44'),(129,'Samantha','Walker','963.352.5470x17342','hansenmitchell@example.com','1933-07-26','2001-06-23','06823 Rodney Harbors Apt. 870, North Donaldland, HI 47192','57f2e635-980d-4926-aaba-b8514992665a'),(130,'Ashley','Robinson','(763)355-1125x3102','tracyhunt@example.com','2005-10-07','2000-08-15','394 Christian Forest, West Hailey, CO 61656','9e55ff8b-a8cc-4695-832a-f851c264f449'),(131,'Jessica','Williams','728-615-3706','davidhiggins@example.net','2020-10-01','1997-05-18','81742 Lucas Alley, Lake Deborah, MS 49347','1599ffd4-a4bc-44d3-b8a9-77e117fca029'),(132,'Cynthia','Mccoy','(217)894-6097','melanie49@example.net','1950-03-24','2005-08-08','638 Melanie Drive Suite 191, Harrisbury, RI 79587','e6098716-2312-4cd2-b16f-60c1b854c3fc'),(133,'Olivia','Carter','001-687-732-1993x73983','michael41@example.org','1984-10-20','1993-02-11','4054 Laura Ports, North Brandon, CT 57043','59190d6c-07f2-4252-a1ca-e4b83426aae5'),(134,'Amber','Anderson','+1-389-695-0726x07395','zacharybarton@example.org','2020-11-08','2017-07-06','358 Connie Mountains Apt. 341, South Kevinside, DE 19536','126f6564-ba6e-48f4-92cb-8fbc7cdcb34a'),(135,'Michael','Gibson','001-809-366-6558','cfuller@example.com','1986-05-27','2011-09-07','41648 Mark Club Suite 879, Port Tracy, FL 64526','b9585602-0d07-4481-9712-06639ff67782'),(136,'Manuel','Robinson','755.618.2539x32623','jeffreymccarthy@example.net','1988-06-26','2019-03-07','USNV Jones, FPO AE 33764','f92ec784-41dc-4cc5-9bdd-54b62b519f1d'),(137,'Becky','Gallegos','369.539.6674x26054','coxcharles@example.net','2017-09-18','1973-01-14','92423 Jennifer Divide Apt. 026, Lake Michaelatown, DC 73886','9f54c986-a691-4ab0-b77e-86b137fb667c'),(138,'Jeffery','Robinson','(481)707-2485x489','xjackson@example.com','1982-06-06','1971-04-07','376 Jones Station, Kimberlymouth, NY 27510','5a935992-12ee-4b55-8997-e9154471eed8'),(139,'Joshua','Torres','326-376-9350x573','zmontoya@example.org','1932-04-08','2017-04-23','13278 Barbara Road, Griffithland, WY 64515','f3cc5506-b594-440d-8a05-575d81640a66'),(140,'Morgan','Bell','909.357.6571x06719','julie55@example.com','1968-10-08','1986-05-21','75757 Johnson Wells Apt. 492, North Evelyn, MD 27258','6705b8fa-4137-4d35-bbd4-01d82c7dd5c6'),(141,'Bobby','Solomon','817-612-8321x895','amberwilliams@example.net','2003-03-15','2023-02-16','14082 Sheppard Highway, East Christopherport, IA 96910','0539a7b9-e350-410c-a0f3-0aa4c8ac75a4'),(142,'Nancy','Oneal','495-863-0559','curtisthomas@example.org','1918-06-07','1995-09-26','PSC 3479, Box 0873, APO AP 14430','9ced7986-f826-428f-bf66-9fb4df7348a9'),(143,'Maria','White','482.271.1416','olsonsamantha@example.com','2001-12-06','2009-03-24','7945 Rogers Flats Apt. 349, South Rickport, MS 67420','6edb4ccd-7cbc-47d6-b79a-a3b213adc29a'),(144,'Rachel','Sanchez','269.392.1503x31675','patrick29@example.net','1974-11-13','1994-08-08','77749 Gonzales Land, Glenview, CA 86934','ad5d8852-1f45-43e5-9543-fec35939952c'),(145,'John','Edwards','635-655-4798x87201','lfinley@example.com','1967-11-22','1997-12-05','59869 John Streets, Lake Gregoryhaven, PA 18271','7fb8777f-0664-4947-bd28-a072a8d2fb96'),(146,'Joseph','Herring','001-400-379-4995x728','tsantiago@example.org','1979-02-07','1980-10-30','47995 Rogers Plains, Lisachester, KS 18840','4153968a-91e3-4195-9e41-086469e7c074'),(147,'Tamara','Lewis','(343)826-1335x905','pturner@example.com','1990-11-24','2017-12-06','USS Jones, FPO AA 42174','c517ddbc-f22a-4724-9728-08db28aa50de'),(148,'Andre','Sullivan','623-865-9538x5542','bobbrown@example.net','1923-08-24','1971-06-24','0374 Vaughn Burg, Lake Jenniferstad, WI 39006','16d8087d-1016-4e27-a385-451f3a9eb4cd'),(149,'Pamela','Drake','518.692.5324','laura68@example.net','1957-02-13','2017-01-13','8576 Gay Ford, East Michael, SC 04567','3ebc5f69-20a0-479e-981a-6a7ca5798cc3'),(150,'Ashley','Hall','810.384.7464','rosstony@example.org','1909-09-24','1993-08-26','7606 Michael Oval Apt. 228, West Peter, VA 83639','95a9f874-ce22-4803-99c5-51ba3048e351'),(151,'Sherry','Harper','828-419-4105x060','toniliu@example.com','1974-06-25','1989-07-11','USS Taylor, FPO AA 34516','71899140-803b-4230-a0fc-6764a8c62f0b'),(152,'Erik','Lee','928-605-5738x0141','andreafuller@example.net','2014-06-28','2005-12-01','8036 Moon Creek Suite 302, Williamview, MN 36688','5b707932-3864-4e8e-ad6d-53f6b95f0bfa'),(153,'Anthony','Clark','(334)212-8082','amyellis@example.net','1935-04-15','2023-03-20','623 Potter Loop Apt. 014, West Daniel, NE 80857','1ebba665-f89f-4ab2-bf74-2fa425bb0edf'),(154,'Christy','Mcintyre','(598)315-8717','jessicascott@example.net','1997-12-01','1990-08-20','748 Reed Villages, Lake Rachelfurt, AK 82417','67ff874a-38c6-4dd0-9261-c774761f37e8'),(155,'Henry','Jefferson','(872)255-6464x278','tom67@example.org','1968-09-29','1997-01-18','265 Jessica Pines Suite 560, Lake Holly, OR 81886','e44dde52-e80e-43ea-ad94-a0e671aa5ea2'),(156,'Cassie','Baker','(542)434-9820x134','ronnie01@example.com','1980-01-16','1988-09-19','3143 Tara Rest Suite 882, West Scott, ND 51893','fe50cb2b-4461-40e8-8fb3-2b073c152423'),(157,'Robert','Garcia','+1-770-229-9349x1758','raymond68@example.com','1996-03-02','2023-08-15','14854 Jamie Well, Port David, TN 92988','caba50e6-223f-4796-bf26-615e4616c47a'),(158,'Alicia','Wright','291-258-7999','crystal58@example.org','1983-03-19','1992-08-19','488 Long Club, Jaredhaven, NY 75259','1ecaf436-fdd3-4e76-af28-5d923de51c30'),(159,'Kenneth','Mason','+1-341-408-1217x5421','robertbradley@example.net','2017-05-08','1977-09-20','14351 Kelsey Islands Apt. 178, Steveburgh, PA 62132','ce1f6dc7-eebc-453f-8129-13a2f0321575'),(160,'Rebecca','Curry','627-211-8788x6639','odalton@example.net','1910-10-31','1990-11-02','2408 Carter Spurs Apt. 488, Raymondhaven, UT 78069','3b7dc1ea-2e98-4f4e-9797-b80d74192029'),(161,'Tiffany','Fisher','628-432-1403','shelly88@example.org','1997-03-12','1993-06-03','279 Sanchez Lake, Amandaborough, CT 19479','00f72ddf-1013-485a-a211-485aa3b78808'),(162,'Eric','Hammond','(518)436-4275','johnwilliams@example.net','1937-10-02','2013-03-19','611 Tyler Camp, North Thomas, MD 71722','5a3de261-db27-4a92-a40e-3fec406f19fd'),(163,'Denise','Bailey','673.634.7898x958','xpope@example.com','1995-10-11','1978-04-19','7605 Lori Bridge, Coxland, CA 71220','304fc58b-488d-4277-a436-10df7037a024'),(164,'Brian','Young','904-374-8664x65822','nkeller@example.net','1996-12-27','1980-06-10','08723 Baker Hills Suite 464, South Jenniferborough, VT 56339','e245fbcb-1cab-49e3-8407-feea92985649'),(165,'Julie','Johnson','295.294.2289','xmcgrath@example.net','1943-07-03','1998-02-02','635 Wilson Burgs Apt. 202, Danielton, NJ 52858','e86161bb-710d-416c-8537-fabc0c5d4273'),(166,'Emily','Anderson','(232)250-0520x4369','wardbrandi@example.org','1956-10-09','2012-08-03','685 Joshua Inlet Apt. 199, New Jasmine, KY 48808','da9f453d-cd0b-4052-af9d-6c7d6c50db52'),(167,'Cody','Donaldson','(960)294-0883x7692','guerrerojerry@example.com','1928-06-03','2005-03-19','PSC 8045, Box 3850, APO AE 03538','42678776-ccc1-4acb-92c2-feb81e2c31d5'),(168,'Jeff','Thomas','(570)706-4767','taylor86@example.net','1994-03-23','1993-04-26','378 Roberta Ways, Lake Jeffrey, CT 96948','0faa5657-1c07-44cc-b5a6-8f2ca1790f36'),(169,'Christian','Nelson','001-726-407-3918','qpatton@example.org','1934-01-16','2012-08-19','41164 Kelsey Squares, Port Sharon, DC 87702','ce355b11-44ef-41b2-9ee0-4386939f130d'),(170,'David','Curtis','(346)974-6006x749','jordancalvin@example.net','1999-07-26','2007-07-18','351 Antonio Track, Kellerland, DE 57686','329d75d4-6f43-4968-945b-92563efd7ef4'),(171,'Kathleen','Weaver','595-208-4775','acastillo@example.com','2004-03-11','2007-09-02','4152 Anna Trail Apt. 970, New Brettmouth, LA 10687','d3eb9075-a29d-4b01-b505-bae7e2d9005c'),(172,'Charles','Guerra','(254)438-9553x9993','pottstaylor@example.com','1958-06-23','1994-07-29','827 Lewis Turnpike Apt. 410, Port Emilyside, MH 66534','86b72066-f391-488a-8f01-6ad31b99d490'),(173,'Vicki','Perkins','324-509-6625x725','kristen80@example.net','1971-08-21','1994-01-03','999 Erik Estate Suite 640, East Mathew, NJ 83046','83551204-c5cc-438f-9cad-875026660361'),(174,'Kari','Munoz','661.773.4844x1978','wjohnson@example.net','1923-01-02','1973-09-11','04870 Landry Rest, Andersonfurt, WV 87804','5019e71a-5782-4a83-bce4-de2a2c6da45f'),(175,'Melissa','Franklin','+1-689-357-4181x2548','wallacejoann@example.com','1993-04-21','2001-04-19','0043 Larry Hill, Richardport, CO 59164','e69b65ad-8d6e-4400-b5d4-855e84af075d'),(176,'David','Davis','001-642-970-3647x379','andrew07@example.com','2001-05-25','1991-08-31','175 Walker Bridge, Jacksonfort, CT 05908','8f155e0e-d865-447e-9cb1-94e67476e700'),(177,'Natasha','Dunn','+1-775-425-7113x0787','williamsmichael@example.com','1909-12-28','2018-08-16','52603 Michael Junction, Michaelshire, NC 58037','6337d26b-5bd9-479a-b50b-c82590aadb82'),(178,'Sandra','Lopez','(659)469-8074x23535','hjohnson@example.net','1911-04-30','1989-05-31','2074 Bell Park Apt. 383, Lake Linda, VI 17061','745d51e8-b63e-4219-a435-a83c41cf53a4'),(179,'Jennifer','Diaz','308.448.3400x7502','koconnor@example.com','1959-11-08','1970-09-22','16514 Steven Centers, South Laura, KY 71677','5b97a3d1-521d-463f-9d58-ec8363f35e41'),(180,'Melissa','Patel','5794807712','jonathanoliver@example.com','2011-09-23','1997-04-28','05082 John Spur Suite 194, North Vanessaville, SD 08824','3868eb27-0a39-4fbf-b1d8-f68bece01803'),(181,'Leslie','Estrada','+1-989-265-8025x64656','kellerdavid@example.org','2008-08-05','1989-08-18','12220 Sarah Manors Apt. 731, East Brandonshire, MD 73809','e645eeb5-0038-4d16-8b88-0f8fa7b8f574'),(182,'Grace','Boyer','+1-751-641-4256x48253','courtneynavarro@example.com','1928-05-05','1978-06-06','4950 Brent Fort Suite 042, East Holly, NJ 38228','5b8043f3-c188-4c7d-b097-ab09646a60a0'),(183,'Jonathon','Wood','889.539.4236','danielgarcia@example.com','1995-03-10','1981-01-28','223 Banks Canyon, Allisonchester, UT 56223','94dcc782-3d53-4194-b98f-92877cb6d7e1'),(184,'Linda','Martin','837-445-6436','kaufmanerica@example.com','1998-10-06','2023-06-09','695 Anderson Streets, South Nicoleton, KY 74996','23792591-eee6-4b70-a645-ab88d461313e'),(185,'Robert','Barnes','435-831-1586x82459','ashleywu@example.com','1973-04-09','1982-03-11','638 Guerra Knolls, Lake Anne, HI 06810','d412c0d0-3f14-4c40-8043-88d434d83c14'),(186,'Diana','Fowler','491-448-6618','matthew22@example.net','2022-03-24','2007-11-18','334 Daniel Heights, South Stephanie, UT 32583','7939766f-20fd-4e66-9497-b4aefbc0b627'),(187,'Sarah','Lang','982-212-6055x153','danielhurley@example.org','1963-08-08','1993-10-09','2039 Dunlap Extensions Apt. 316, North George, VI 37951','365ca730-5783-43d2-9889-df26b4e02472'),(188,'Kevin','Adams','+1-867-721-8985x9420','nelsondiane@example.net','1961-11-13','1986-01-28','24109 Mason Ford, Port Karentown, IL 17047','aa8dfd30-bdcb-4663-880c-738d6f1730fe'),(189,'Roy','Scott','001-585-547-9878x87192','susan17@example.com','1949-05-30','2014-04-18','84665 Jessica Locks, Burchmouth, VI 36493','6eb263df-2d26-4105-af84-2a159c93898d'),(190,'Ashley','Espinoza','001-868-604-0151x6872','ariley@example.org','1966-06-05','2020-08-09','74361 Paul Forks Suite 732, Liumouth, NJ 05130','ec10b312-a168-4ce0-9ca0-48f5803856fd'),(191,'Kurt','Jones','829.847.0303','kwood@example.net','2004-10-30','2019-08-21','8692 April Overpass, Anthonyville, WA 55334','d25bb113-019d-45c6-82ba-0390c0ae535f'),(192,'Jessica','Kim','+1-938-352-6096x92136','campbelltina@example.com','1929-08-17','2010-07-27','9175 Janice Curve, New Christopherport, AZ 18530','1e1b3455-fab4-4fbd-8b58-651c6f134705'),(193,'Jeffrey','Hamilton','448-403-3084x8968','edwardsjason@example.org','1986-05-30','2020-07-12','2125 Rachael Lodge Apt. 775, East Andrew, CA 51746','875f2e48-21e0-4e82-b35b-5776f52cbe25'),(194,'Jerry','Rojas','(723)342-9922x25958','christopherflores@example.net','1951-09-21','1987-10-05','252 Robert Knolls Apt. 638, Port Troyhaven, WY 75903','0e2b6919-8661-4718-b884-12b1b6af865c'),(195,'Priscilla','Hubbard','(523)678-0165x7053','heatherblevins@example.org','2010-12-11','1979-03-14','652 Hess Crescent, Mckenziehaven, NY 59341','25de59e8-15cc-400c-a89c-bcbad29fc2a3'),(196,'Frank','Durham','993.220.0290x8079','larry69@example.org','2021-05-03','1975-05-05','7840 Castillo Lodge Apt. 789, Lake Natalie, MA 95286','4fe7e3d2-f1ba-4453-9ddf-23eebfe5a67e'),(197,'Anthony','Higgins','001-692-449-3051x964','lindachavez@example.org','1980-11-01','2018-10-27','6435 Howell Garden, Davidbury, NH 26300','58021722-b891-4031-93bd-fd51cf7966b7'),(198,'Lorraine','Thomas','+1-582-567-2852x7212','acostarobert@example.com','1941-07-07','2013-09-20','064 Ali Point Suite 959, New Paul, GA 48459','8d7510c4-d365-41e7-91c5-c765724af578'),(199,'Stephen','Clark','388-902-7429','lambertnicholas@example.com','1987-02-11','1971-12-19','96908 Christina Crest Suite 233, Lake Bryanburgh, TX 35901','ffd6d24a-7cf0-49cd-b3fa-795bc530d9f8'),(200,'Natasha','Hanna','(459)589-9951','ewingamy@example.net','1953-03-21','1995-03-19','0287 Wood Ridges, Cobbbury, ME 63706','8f1d4c61-cd4e-4d44-936f-c842e558e754'),(201,'Greg','Sanchez','+1-427-832-7569','paul45@example.net','1937-12-24','1995-06-22','65979 Bailey Pine, Benjaminport, MD 65393','60578a72-dddb-4370-8fea-27a4e9f8a0ba'),(202,'Cathy','Vance','(849)575-4859x38947','klong@example.net','1911-11-29','1987-12-12','Unit 0708 Box 8566, DPO AA 59081','c997f3ad-9e20-46ed-816c-dd9cd5308558'),(203,'Caitlin','Brennan','731.507.8589','millerkaylee@example.org','1952-04-27','1980-12-05','16987 Bolton Expressway, Lake Jennifer, IN 45004','4c090361-1479-4a45-9ee6-ccdf29a26710'),(204,'Gregory','Clark','260.614.1799','fmartin@example.net','2008-05-21','1970-04-12','924 Jonathan Grove Suite 923, Crystalton, ME 26688','38ff82d8-1fd6-4b31-8d59-37e36cad9ac3'),(205,'Shannon','Davis','+1-254-886-6655','coryjohnson@example.org','1962-09-28','2019-12-10','0151 Bailey Garden, North Taylorport, DC 34997','9d2bb389-1fa2-47db-8f94-e2adb3a97d92'),(206,'John','Bryant','001-794-944-9766','egibson@example.org','1967-07-21','1982-12-31','087 Christopher Turnpike, North James, TN 44041','7e06f0ef-47e4-4a80-ae36-f6fe82f6ce75'),(207,'Manuel','Sims','(214)201-1485','kelly06@example.com','1914-09-15','2009-09-24','USS Byrd, FPO AP 37893','6999292f-8f63-471b-bbd8-dd11d2ce5cf7'),(208,'Jacob','Hodge','311.422.9650','jessica76@example.org','1924-11-04','2012-11-08','9912 Brandy Isle Suite 960, Gonzalezstad, MD 80734','2d7bdeaf-42cc-4405-92b3-2f857a6ca557'),(209,'Christopher','White','503.759.3415','irwinchristopher@example.com','2022-05-13','1974-12-16','18670 Jeremy Gateway, Ronaldstad, PW 13895','0ba11852-6eeb-43a2-96f6-c15e8a5f3ef3'),(210,'Xavier','Jenkins','(876)730-8143x7333','ericafernandez@example.com','1917-12-05','1986-03-10','306 Craig Motorway, New Jillian, OK 62995','e375f2cc-b482-4d46-9922-1a791bffb896'),(211,'Brittany','Lewis','998.673.9088','taylor10@example.org','1938-10-16','1995-03-16','7554 Jeremy Radial Apt. 826, Port Annetteshire, NY 00646','cc15c266-3a52-4dc9-ad71-1909383e27bb'),(212,'Julie','Rasmussen','4517586231','gallegosjeremy@example.com','2013-10-17','2004-10-21','43636 Karen Square, North Sandrastad, ID 98408','d56ca87d-62da-4619-b025-f3877a6079e4'),(213,'Tara','Francis','001-885-352-6995x157','hammondsteven@example.org','1915-04-23','1971-10-14','56033 Perez Squares, Owenstown, MO 60664','7c40023a-2fd4-4e08-b8fe-8aa895fd084c'),(214,'Robert','Allen','2066078067','pmartin@example.org','1972-11-04','1979-11-22','58806 Roberts Passage, New James, NC 77513','5a59709f-dd21-475c-be63-de512c775f01'),(215,'Ryan','Smith','841-531-4589','jenniferrobinson@example.org','1950-04-21','1983-01-01','98087 Peters Port Suite 883, South Patrick, NH 90787','5bc1824b-1614-45f3-a3c2-31d7584acdcf'),(216,'Molly','Whitehead','+1-833-411-6923x441','ewarren@example.net','1974-08-24','1979-07-12','15423 Howell Road Apt. 301, Lake Jeffton, NH 05369','5cfa7d1f-c21f-44dd-9dd0-1c222549d9fd'),(217,'Wendy','Ellison','001-890-869-3261x77598','elizabethadams@example.org','1960-06-28','1998-05-01','57593 Ricky Camp Apt. 666, West Abigailfort, TX 63434','9ff58360-8c76-4b47-8ed1-6ec27b3a8fe3'),(218,'Christopher','Pratt','847-502-6384','rebecca59@example.com','1909-04-09','2021-09-12','50333 Carolyn Shore Suite 192, Mclaughlinfort, AR 72253','04be0581-f3d5-4350-b6f4-fab51b6db101'),(219,'Glenn','Williams','854-307-7517x7234','rachelgomez@example.com','1919-09-25','2017-11-06','2097 Dixon Points Suite 192, Lake Nicole, CA 77944','45caf864-513a-40a4-b722-9dfc3d3395ad'),(220,'Alicia','Ponce','001-765-298-8255x265','kimcourtney@example.com','1943-01-08','2007-05-29','481 Greene Mill Apt. 507, Lake Tammychester, ME 41993','ce36396a-4496-4f57-a2c0-160cfaf3cf9b'),(221,'Jennifer','Arnold','617-242-1190x89591','brandonwilliams@example.com','1932-09-23','1970-03-13','567 Caitlin Neck Apt. 687, Sonyaport, AS 58463','c1622354-0875-4eb5-ab16-a5d0b0fec6e0'),(222,'Lori','Anderson','+1-287-538-4556','joshuahudson@example.net','1928-10-05','1991-03-23','2855 West Path Suite 165, South Alexandershire, FL 68002','c2ab2f1b-3037-48e7-be72-34d35f441cda'),(223,'Kimberly','Rollins','+1-384-547-2719x2535','angela75@example.org','1946-04-06','2018-03-19','41278 Sherry Groves, West Mirandaland, AK 83995','43c0d165-5b13-4a03-ac0a-844d6d7e6115'),(224,'Melissa','Thomas','+1-380-651-3238','markwhite@example.net','1908-05-23','2022-09-12','34264 Matthew Ford, Jeffreyshire, MN 90085','37a72583-f3cd-4881-9b3c-881614d8144c'),(225,'Jesus','Smith','001-780-352-6737x039','facevedo@example.com','1950-03-22','2002-06-13','5346 Jason Bypass Suite 618, Butlerstad, IL 77928','85a00b9b-4eee-4ecd-b88d-734efc7049ea'),(226,'Phillip','Nolan','586-293-6356','ocallahan@example.com','1958-12-17','1987-10-28','49219 Avila Squares Suite 869, West Megan, SC 68442','62cddba2-b0d0-4706-a065-de863802f3c6'),(227,'Michael','Cohen','756-641-9396','carrollann@example.com','1917-12-22','2016-12-22','243 Jeffrey Valleys, Colleenmouth, MT 30505','ed96fd60-3a77-416d-b1a6-a54b0bbdd4bc'),(228,'Anthony','Nichols','646-363-3675x7882','mallorymathews@example.com','1924-12-28','2020-04-21','23822 Brandon Pass Suite 634, East Carolyn, MS 22451','cc055f16-2ce1-4f55-8607-0049579da445'),(229,'Joshua','Bauer','001-597-643-7736x3028','shannon18@example.net','1927-07-31','1980-05-25','26257 Martinez Cape, Charleneborough, WA 02407','4511ffb0-0464-4e0d-946d-9bceb4b568be'),(230,'Nancy','Brown','+1-997-634-8127x0020','grodriguez@example.org','1946-12-02','2020-01-17','PSC 1601, Box 1153, APO AA 82219','b7837fc1-9e5f-487f-811a-9d1007dcb7f4'),(231,'Matthew','Prince','392-854-6327','deborah06@example.com','1930-07-24','1981-10-26','94132 Kim Rapids, Gardnerburgh, WY 08297','597f9ba9-0987-47c1-abf4-1205b33eea86'),(232,'Kenneth','Lee','283-532-7391x0591','elliscolton@example.org','1957-05-25','2009-01-18','78695 Moreno Turnpike, East Jamesland, FM 49671','c6d9c8ca-024c-4d15-b75d-93a908a40604'),(233,'John','Miller','449-802-2452x789','shawryan@example.net','2021-06-30','1986-10-17','298 Chung Divide Suite 714, East Lisaland, AL 89867','262ca2ae-ed82-4d07-add2-ccc72a4e74c7'),(234,'Hector','Malone','001-940-566-0888x805','nashwilliam@example.org','1984-04-09','1982-03-24','530 Fischer Spur Apt. 093, East Kevinfort, AS 97814','81bd7ec6-f0ca-4a6a-b17b-e97ab58c60b7'),(235,'Danielle','Leach','983.623.3662','richard35@example.org','1938-08-04','2001-06-16','5245 Jessica Isle, West Julia, IA 80631','53126dfa-256e-4d28-b255-0c36e1140057'),(236,'David','Morales','001-707-335-5653','lewiscarl@example.net','1935-02-18','1987-03-08','67956 Kimberly Hill, Coxburgh, AR 05208','f681cd6f-3f23-42fe-b9da-53cda51a2053'),(237,'Erika','Johnson','(698)370-4441x0669','orasmussen@example.net','1993-04-02','1988-08-17','67921 Garcia Mill Suite 291, Turnerfort, NH 26028','f41d5c9c-5589-42ee-8dea-23fee0731021'),(238,'Stephanie','Bauer','+1-773-390-2491','njimenez@example.com','1986-06-05','1997-06-17','243 Howard Ways, Rodriguezbury, AR 32543','33932dd4-e614-4fa5-9de0-a896611577d2'),(239,'Alyssa','Castro','321.888.4309','jacob16@example.net','2020-03-04','2021-07-11','86854 Thomas Ramp Apt. 053, Littleton, LA 58092','f0cb63a0-491b-40a0-86e7-76cd638c3438'),(240,'Kyle','Holland','801-362-3458x894','julia69@example.org','2010-10-28','2007-07-06','745 Foster Fields, Rachelland, AR 44759','2d77e7f1-779c-4028-a393-cb81a8fe036e'),(241,'Joanna','Williams','361-447-5217x5986','cohenjohn@example.com','1933-03-18','2012-11-23','Unit 6597 Box 2443, DPO AE 63504','f79bd6be-ce6c-457f-bf77-1fdafdc53384'),(242,'Mary','Hamilton','(884)699-5485x77946','michaelmarks@example.com','1983-11-13','2017-09-15','481 Erickson Mews, Port Joshua, AZ 17333','b21fc96d-5768-46dc-807b-133bea1d32c0'),(243,'Austin','Hall','001-837-925-9274x89871','hsparks@example.com','1918-02-01','1989-05-03','545 Nancy Landing, Morrisonshire, IA 69682','50a8a711-1005-4277-b80f-7435caa70225'),(244,'William','Carter','+1-629-500-8007x75464','acraig@example.net','2016-07-06','1976-11-21','6267 Melissa Roads Suite 255, Brownview, MH 10718','0fb6891f-0331-4ae2-9f67-fc5f00e9ae6d'),(245,'Lisa','Green','+1-784-704-2892x49445','hawkinspamela@example.org','1958-01-05','1997-10-27','712 Robert Inlet Apt. 485, Vincentborough, FM 90957','2ceca401-e6a1-4c1c-a35b-fbeb03739e5e'),(246,'Ryan','Frye','365-985-5969x036','patrickjones@example.com','1922-07-21','1989-07-09','652 Mann Key, South Johnchester, MI 86677','a8ad38a7-6c95-43ac-80e5-2ce665fdec6c'),(247,'Carlos','Dunlap','001-538-683-7832x262','gharrison@example.org','1986-01-07','1970-04-23','8608 Conley Lights, Lake Danaburgh, HI 41351','ad4fadb3-ce20-4fdd-8dfa-c15df4ffa1a7'),(248,'Katelyn','Miller','(807)830-6223','bakermatthew@example.org','2010-04-26','1976-06-24','01148 Ryan Roads Apt. 180, Port Joshuamouth, NJ 53693','e79ba7c1-4c13-4fea-b152-48b5d3c66cc0'),(249,'Jasmine','Porter','292.252.9290','cgallagher@example.org','2023-04-09','1982-09-29','341 Grant Common, South Johntown, ME 84993','ca6a4375-7248-4948-972e-13deaf7b3305'),(250,'Monica','Bowers','(955)749-5411','yvonne77@example.com','2008-02-05','1995-12-27','0253 John Orchard Suite 062, Danielmouth, CA 60869','dc347978-2163-42d0-85b5-2649cf27290f'),(251,'Alicia','Bernard','(280)437-1888x89069','christinemurray@example.org','2018-09-09','1990-03-30','770 Williams Wells Apt. 046, Andrewborough, UT 44565','fbcb5732-e071-4870-bec9-b5b27e829a26'),(252,'Tami','Green','(798)741-9906','justin84@example.com','1937-09-10','2012-12-06','5686 Lopez Alley Apt. 104, Troyborough, DC 73833','daf0524d-3594-486b-9f07-19db5a2f1def'),(253,'Alyssa','Porter','282-906-6388x17500','odouglas@example.com','1958-09-17','1993-11-11','0824 Warren Flat Suite 608, Lake Henrychester, NH 77551','ee03f4a3-f4c8-4898-a1f5-9226cbd75c51'),(254,'Andrew','Swanson','301-329-3340x9748','lambjacqueline@example.com','1943-10-31','1979-02-11','09910 Brooks Dam Suite 660, Lake Ronaldshire, CA 34224','cd4f5f16-ff07-4f2b-94ce-53b39d4a1be2'),(255,'Michael','Johnson','+1-782-971-0756x53018','jaimeduncan@example.net','1952-05-24','2004-11-10','503 Robert Neck, West Anthony, OH 29569','4057342e-21fd-41cb-81b2-2acbeeb45a6d'),(256,'Kathryn','Baker','+1-252-441-9621x5558','cory19@example.net','1923-04-28','2013-02-11','77321 Ramirez Points Apt. 802, Reesefurt, CT 67969','09a8a99a-276d-49f2-a82f-d5a52d285669'),(257,'Shawn','Young','(714)372-2273x36545','kristen78@example.com','1925-09-20','1989-11-18','62286 Hansen Points Apt. 877, New Sarah, VA 53602','350cbff8-5f81-4203-8445-e2c4d80c2fe7'),(258,'Stephanie','Perez','001-350-708-0273x05387','davidboyd@example.net','1908-08-11','1985-02-04','09467 Nguyen Drives Apt. 590, New Troy, MP 73471','9bb6a690-06d9-497e-9e51-4f712aaf9aaa'),(259,'Glenn','Johnson','(798)292-4760x9096','mark19@example.org','1986-12-09','1993-08-07','Unit 4945 Box 7196, DPO AA 70815','e532c003-92be-4917-9bd0-9a114d0dfba5'),(260,'Catherine','Massey','419.908.2043x78025','dennissilva@example.org','2003-04-02','1992-03-19','661 Jonathan Ports, North Deniseport, NV 85078','6c05803b-5794-45b2-baf5-4f5b03389af9'),(261,'Elizabeth','Mcdonald','710.367.9052x18542','heatherjohnson@example.org','1947-10-21','2023-03-06','301 Brown Island, Davidbury, LA 43923','173a7aeb-6abc-4b85-a5ba-c7b1fad52942'),(262,'Victoria','Chavez','8832847946','brianbrown@example.org','2011-06-09','1981-01-18','7776 Kelsey Ferry, Paultown, AS 40584','222dc40c-15d6-4811-903f-29b930ea3f29'),(263,'Joshua','Farmer','001-797-973-4018x870','christophermendez@example.net','2018-10-08','1977-03-09','54597 Guerrero Light Apt. 629, South Erikaview, MI 53949','1efa5b75-c56f-498a-a362-50123c637e13'),(264,'William','Valentine','871-620-4193x15827','shawnday@example.net','1987-11-28','2021-09-18','6553 Philip Spring Apt. 342, North Timothy, PA 75500','d7233db9-c085-46ad-8c40-8a9d95fe5ff4'),(265,'William','Drake','896-795-9926x232','cassandra10@example.org','1988-11-22','2001-09-07','51586 Allen Ridge Apt. 275, Lake Markborough, GA 80743','9b99e661-5002-471b-96e3-ce2611a91816'),(266,'Kristin','Garrison','467-677-8911x02896','ftucker@example.com','1980-02-24','1970-01-14','27793 Jamie Springs, Kathleenborough, MP 60670','d946a1a8-dd56-4dc6-8397-56b4a6c4d60e'),(267,'Evan','Edwards','(465)559-3904','summer67@example.org','1947-11-14','2023-03-28','58593 Tapia Terrace Apt. 688, New Jessica, ID 33353','d3bf4d79-d733-4a21-836a-fb3ed79a68a9'),(268,'Jerry','Hill','3523646103','alicehampton@example.net','1987-12-03','2023-11-05','0671 Johnson Lane Apt. 353, New Derek, MP 44250','80487f73-80c0-4eff-bf0e-56c925b5f372'),(269,'Gina','Thomas','+1-475-221-4269x3477','ianderson@example.com','1977-04-21','1983-10-05','15903 Sherman Unions, Nathanmouth, OR 18427','a9aec572-843a-41b5-bdbc-3d69a21c6441'),(270,'Christopher','Galvan','799-504-6086x729','mitchellmichael@example.net','1995-11-13','2023-01-30','179 Simpson Mews Suite 673, East Jenna, PR 37367','41942865-7699-415c-9d24-192808c2d1f4'),(271,'Kristine','Arias','883-883-9173x6290','andrea38@example.net','2007-11-21','2012-02-09','013 Joshua Summit, Keithshire, IN 03812','db5f8245-e717-4a3e-bfe2-8677631b5770'),(272,'Anthony','Gordon','+1-708-650-1770','ulevine@example.net','1987-02-15','1997-11-05','084 Logan Union, Dillonberg, ME 92188','79a83eb9-bd75-4451-87bd-ff007d95b3e9'),(273,'Devin','Mason','408.773.1407x39979','moonmatthew@example.com','1963-08-31','1973-10-26','6256 Ryan Walks, Emilyview, LA 38761','a0121585-55a7-42da-881d-d7a6c06ad902'),(274,'Jermaine','Taylor','+1-742-786-1368x203','imyers@example.com','2000-09-10','2022-06-24','25593 Blanchard Fields Apt. 188, Port Daniel, CT 72552','969728d2-b802-4e8d-a6b9-1ea762568fc1'),(275,'Abigail','Johnson','+1-250-611-7973','shelbywilliams@example.com','1990-01-31','2002-05-09','3074 Smith Manors Apt. 835, West Catherinehaven, SD 03843','c1beef7c-cfc2-42bd-968d-879672c72219'),(276,'Daniel','Estrada','001-306-217-3097x6925','jilljames@example.net','1939-04-15','2014-01-16','6971 Reed Extension, Richardsonshire, DC 95371','98142ad2-30ed-4687-a927-860d2256f93d'),(277,'Mary','Escobar','+1-479-424-5782x525','harrisjessica@example.org','1950-09-28','1988-11-30','74869 Mccarthy Gardens Suite 558, East Ambershire, UT 17915','eedb8daa-fec2-462b-8523-c8b143d40e6e'),(278,'Terry','Carroll','+1-782-610-4688x844','zfowler@example.net','1998-10-04','1987-10-12','6493 Nguyen Cliff Apt. 943, Howardborough, LA 30203','d8f16509-b413-411e-8e31-c22d7497afaf'),(279,'April','Gordon','3707805771','speterson@example.org','2004-08-26','2001-05-31','79947 Anna Oval Apt. 335, Greenborough, DC 63860','270921d1-be6c-4d52-9d6d-9e4eb0d03af4'),(280,'Tonya','Hoffman','+1-785-387-4566','ajackson@example.org','1965-10-01','2003-12-25','11212 Dawson Forks Suite 792, North Andre, VI 51164','3302841a-0093-4fc2-999c-ba03d36c38f6'),(281,'Robert','Jones','001-607-448-9100','harmonjohn@example.net','1955-10-04','1974-11-27','6449 Richard Point Apt. 547, Lewisberg, MD 67577','d48977b3-c7fa-4eeb-a868-fe1f0c124e18'),(282,'Mark','Wilson','(555)805-3422x5741','vancedonald@example.com','1957-07-10','2001-07-19','51064 Jones Groves Suite 604, Brianburgh, MT 54810','62c74bb9-ec5f-4e73-9339-6d6acaa5987f'),(283,'Nicole','York','939.619.9083x726','pturner@example.net','1971-07-30','2014-10-10','437 Tyler Row Suite 085, South Phillip, PW 30680','8c352022-6783-47c4-8848-d1ae62ea2a26'),(284,'Janice','Kerr','958-419-0942x6645','anthonyferguson@example.net','1981-06-07','2008-03-13','6319 Serrano Courts, Henrychester, NC 29654','566f2d9e-98ba-4185-9b6d-d62da1e1ccdd'),(285,'Jose','Nelson','786.930.8746','beth24@example.org','1957-09-17','2013-10-28','692 Hernandez Corner, Kingstad, DC 95785','0a040f47-3f7b-4fab-bbdd-88883b019852'),(286,'Jennifer','Monroe','637.299.7722x1598','mackenzie79@example.com','1931-09-26','2015-04-05','9536 Stephanie Burg Apt. 078, Whiteheadburgh, MT 20976','b8975ec0-cd5b-4dd0-9ded-764a8e021507'),(287,'Andrew','Jones','(727)617-9543x57462','jrodriguez@example.org','1978-05-29','2012-01-07','09079 Butler Valley, Chenbury, GU 47772','14a03c0b-a449-41a0-8a82-3b3fbe49c4fb'),(288,'Erik','Lopez','727-475-5712x492','gbarrett@example.com','1987-06-29','1973-12-11','1640 Matthew Tunnel Apt. 404, Anitamouth, NH 04021','b2aff1fe-1bf6-4f78-9431-2401c610c2f6'),(289,'Gregory','Singleton','8537150192','dominguezwilliam@example.org','2015-07-03','1995-09-24','4541 Stephanie Vista Suite 561, Port Brianmouth, AS 82678','6acd0a64-2e2f-42c7-bf2c-1f11e545b184'),(290,'Nancy','Byrd','975-246-1566','chelseapatterson@example.org','2010-04-27','1992-06-29','92212 Howard Cove Apt. 583, New Timothy, LA 38072','d0a66373-1f8e-4188-973d-af4fd60eca1b'),(291,'Cassandra','Clark','001-301-376-1303x49908','broach@example.net','2004-10-30','1991-05-10','6218 Katherine Drive Suite 117, North Helen, NJ 93670','e94de6be-a6da-45ab-84f4-628ca81f265f'),(292,'Patrick','Rivera','(435)365-4065x348','darren78@example.com','2006-05-20','1997-10-28','5782 Levy Path, Baldwinton, MH 59446','c4127df6-70d4-4a32-967f-72e72d656cbd'),(293,'David','Cordova','001-592-266-1416x819','ofields@example.com','1961-01-11','1997-10-07','USNV Gillespie, FPO AA 41504','9c55038f-b5a6-4eb3-bf9d-54e4be944d1f'),(294,'Becky','Green','631.612.2896x724','hayessharon@example.org','1972-04-10','1981-12-31','1622 Timothy Wells Apt. 750, North Ernest, VA 30143','2a40b87a-1cc5-462b-8932-f5113fe67d5c'),(295,'Michael','Hernandez','8185040577','whitakerronald@example.org','1983-03-10','2002-08-21','6269 Brooks Viaduct, Lake Selena, WA 83674','2efcdf96-f304-4518-8f6c-e1d5ae55c266'),(296,'Thomas','Bray','832-443-0075x9788','timothymoore@example.net','1956-07-17','2013-11-24','968 Christopher Knoll, Port Georgeberg, OK 86527','cd9e8fd3-18a8-4111-8e8a-eb8df5dd8888'),(297,'Thomas','Harrison','001-504-564-1242x613','humphreycharles@example.net','1920-08-14','2011-02-22','65860 John Parkways Suite 216, Cochranhaven, CO 82218','aefdc51f-67cf-4ebe-a4bf-4b03a71095ab'),(298,'Lynn','Richmond','534-777-1803','justin53@example.com','1958-05-01','2021-11-23','682 Weaver Walk, North Elizabethfurt, MO 78435','b1f5dc41-dcc9-4b58-8ada-58101034b194'),(299,'Bonnie','Taylor','521.396.1455x5558','pcasey@example.com','1960-05-11','1989-12-06','4083 Jessica Mount, West Robertside, GU 73670','68de1b57-7cdd-4786-aa93-b88195fb5055'),(300,'Brandon','Jacobs','(759)718-0029x7853','juarezjared@example.org','1992-08-16','2004-03-13','4865 Harrell Way Apt. 632, West Jamie, TN 66804','2811a70c-d571-47b1-9cd7-e21f9ddd0f58'),(301,'Angela','Gonzalez','001-794-949-4118x9650','whitekatie@example.net','1937-10-06','1977-02-01','892 Benitez Turnpike, Clarkhaven, OK 76446','02fc1a92-bb0f-47f9-87a3-1e7c3fa0cc36'),(302,'Mark','Davis','226.224.8010x305','deborahmccall@example.com','1997-07-10','1996-04-08','Unit 2259 Box 0980, DPO AA 67960','6ae35bb7-6b5e-423a-88c8-5f0bbac1a0ba'),(303,'Andrew','Hatfield','(799)439-1087x0337','dicksonbailey@example.net','1908-08-17','2023-10-25','24808 Smith Knoll, Vanessaport, ND 06236','c4f0e8a8-4873-47b4-8af2-7195ea07db7e'),(304,'Keith','Gordon','(739)845-6148x5575','millerjulia@example.com','1922-10-02','2008-11-07','80571 Alexander Key Apt. 531, Aguirreside, VA 58533','83d9e4d1-db3f-497c-a9b8-538fa539cb47'),(305,'Noah','Lee','(464)346-6496','epotts@example.com','2016-08-25','2019-10-25','8561 Shannon Keys Apt. 746, West Mary, WY 09534','3f71fd67-6caf-47db-a4a8-2136ca0c5d3d'),(306,'Leonard','Haley','001-656-976-6281x985','april20@example.org','2013-11-13','1978-11-08','00069 Christian Unions Apt. 661, Timothymouth, NE 74813','dea04a2a-0e8b-47bb-9ee6-5cdab304f50a'),(307,'James','Duffy','(473)437-8068','hutchinsonlisa@example.org','1991-05-07','1980-03-14','7707 Bridget Ville, Chelseyport, ND 85440','382ae52e-a88c-4d8d-a621-523dc8ea60eb'),(308,'Alexandra','Small','234.305.6330x2018','wyattbarnett@example.org','1934-12-21','1994-07-15','419 Daniel Prairie, Holmesbury, IL 26653','67f3b706-0733-4e39-800f-fe0d02f31648'),(309,'Jenny','Thomas','(674)508-0786x5618','nicholas19@example.net','2002-01-25','1993-06-01','572 Walsh Shoal Apt. 174, Port Marctown, MP 95573','cbd2a09c-b3d8-44ab-a9cd-640d1cb0d232'),(310,'Destiny','Russell','423.375.6340','carterjeffrey@example.org','1931-09-19','2007-09-23','15061 Green Mountains, Hilltown, IN 19166','e0081c26-7663-419a-a328-f01885c6e14d'),(311,'Cynthia','Smith','(901)596-1111x4847','mwhitaker@example.net','1918-02-18','2007-05-21','4238 Dominique Cliff, Port Williammouth, PA 14622','e998e78d-410d-48fb-a85a-822fd1a70c6d'),(312,'John','Pacheco','001-709-442-4498x53592','georgerodriguez@example.org','1998-07-08','2013-12-02','516 Steven Center, North Gregorymouth, FL 79916','e7b579e7-7576-4a49-bb6f-cce4e50b9932'),(313,'Willie','Malone','827-676-0366','joshua81@example.org','1979-04-25','1980-04-24','1581 Taylor Stream Suite 537, West Michelle, TN 50932','4f1ea5d6-e85d-4074-b802-2e1c66ddbc97'),(314,'Marie','Sullivan','001-983-609-8123x1699','carlreynolds@example.org','1950-12-07','1992-08-31','46601 Pitts Mountains, Harrishaven, ID 96645','a60a91d2-a114-404e-9eab-5331b5be6736'),(315,'Anthony','Campbell','683.495.6067x120','velliott@example.org','2007-08-18','2016-12-12','25163 Hailey Lock Apt. 614, East Joel, UT 61888','822bd3f5-734d-44b3-b857-d41ca9d6e48d'),(316,'Patrick','Cline','4285142323','callahanthomas@example.com','1982-01-09','1973-12-22','39412 Tiffany Meadows, New Paul, AK 03509','ede2bdd9-0cc6-418a-88f3-6019078c013a'),(317,'Darren','Moore','001-433-681-1872','kevinraymond@example.com','1963-12-27','2001-10-13','507 Shannon Locks, South Rhondaborough, CT 80387','d2beb95a-5a2f-4bd1-851a-c3fc7a9ac534'),(318,'Sierra','Charles','527.208.9138','austin94@example.org','1965-02-11','1970-07-16','Unit 0536 Box 9129, DPO AP 61907','f7238da2-c824-410a-94c7-1b058d5c0c57'),(319,'Tammy','Watkins','911.315.5952x014','dawn23@example.net','2006-10-19','1979-03-14','9874 Wade Lock, West Tonyastad, NY 37102','a0f17036-d016-4026-a6fc-939ae1ab6ff7'),(320,'James','Boyd','(441)692-1136x379','douglas45@example.net','2007-06-01','1992-07-01','5383 Paul Lights, Port Timothystad, LA 49715','0f5ce25b-0a92-45d3-9f22-327ff61095b3'),(321,'Veronica','Tucker','433-742-2675x328','pachecokaren@example.org','1923-08-15','1981-12-21','24243 Guerra Glen Suite 545, South Zachary, CO 56252','c426ffc2-52fb-4ace-b3f5-39bf2124b1d5'),(322,'Alicia','Torres','+1-713-416-1667','darrelltaylor@example.org','1988-03-19','1983-07-28','1066 Marcus Meadows Suite 664, New Andrewborough, ID 04869','3dbe16aa-51f9-482d-828c-06ceaa76d1bb'),(323,'Angela','Mendez','001-212-872-5709x022','vargaskatherine@example.net','1923-09-05','1986-04-09','62555 Stefanie Mountains, Port Sarahmouth, TN 18276','b2789d76-7ee2-4ad8-871b-fb695182bbdd'),(324,'Kevin','Jones','(750)605-6630','matthewreed@example.com','2011-02-02','1984-07-23','245 Gonzalez Village, East Julian, WY 31689','eed468ba-d214-4b6a-a61e-5233240f69ac'),(325,'Julia','Allen','001-931-585-0559x59350','maryharper@example.org','1909-05-14','2007-07-31','2055 Maldonado Dam Apt. 544, North Jennifer, FL 04480','80ae2ebf-c543-4ff4-8678-9830242b6721'),(326,'Donna','Cooke','554-553-2712x096','mwhite@example.org','1999-05-19','1991-11-17','789 Jenkins Highway Suite 136, East Lisa, MA 78135','ca13eee0-672b-4ae3-95df-bd0435c3bc93'),(327,'Michael','Peterson','(339)666-2050x2222','dsteele@example.net','1926-09-09','1980-06-11','94303 Neal Path, South Marie, DC 14460','82c2e34f-1a51-4ad2-a565-e9048dd4f0a2'),(328,'Joseph','Ward','344-406-7628x400','kim88@example.org','2023-08-17','2007-07-01','263 Benjamin Street, North Jessica, SC 42458','dc4a64d6-7ac7-41ea-bbd3-d1e40c191588'),(329,'Hannah','Contreras','478-423-8663x489','mmcclure@example.com','1921-10-04','2013-04-18','2663 Page Mountain, South Kenneth, LA 82738','c1fec2b3-a739-4bde-9061-b04b7554edc1'),(330,'Lindsay','Glenn','404-917-9331x6363','jonesmichael@example.com','1946-05-04','1998-05-06','04739 Catherine Manor, Bryceshire, MH 04552','4600efb4-1593-43f0-a9b6-4d2a885d85f1'),(331,'Francisco','Brown','244-407-3694','serranovictoria@example.net','1952-06-20','2006-03-20','40760 Peter Ferry, South Briana, MO 82156','e4f60596-9e8d-4a2f-ba5c-ba6f0379c21c'),(332,'Rebecca','Parker','(537)215-3564','shawnswanson@example.net','1988-05-19','2022-08-05','360 Brandon Flats Apt. 205, East Samuelfurt, VT 13049','bafd6868-5433-431c-91c3-bae4aecb9402'),(333,'Julie','Mccoy','857.838.7192x9825','amyfisher@example.org','1969-11-26','1987-08-13','6811 Brown Place Suite 107, Hendersonmouth, OR 58987','437ed1be-b2ea-4c65-91ec-ab9ddf60dc89'),(334,'Julia','Reyes','(387)634-7256','browndennis@example.org','1947-04-16','1989-07-24','4992 Miranda Manors, Smithfort, TX 74391','d8817da1-5bde-48bf-a7a0-fdaf5538b5f6'),(335,'Paul','Smith','846.618.3961x4625','carolynmerritt@example.com','1951-03-28','2017-03-13','322 Little Squares Apt. 412, North Kelly, VA 84906','b92842a7-9418-4613-9603-258b8bc0f06c'),(336,'Kristopher','Caldwell','5882956024','deborahwillis@example.org','2019-01-31','1982-04-16','86976 Yvonne Camp, Williamsmouth, SC 69525','eba21183-5b02-4564-9755-ce9a50586dc5'),(337,'Jennifer','Mitchell','615-361-8700x83335','amatthews@example.net','1914-08-06','1997-01-03','1326 Brown Cliffs, South Michelle, KS 73173','bf0b1623-1ce7-4a11-8fe3-bfcba956dec7'),(338,'Ariana','Barrett','(748)446-9196','rebecca66@example.net','1961-07-12','2016-02-08','385 Gregory Row Suite 680, Hinesmouth, IN 88526','128ca458-7bcf-4a2d-aa73-a0173f840e2a'),(339,'Russell','Edwards','2215691397','april05@example.org','2023-10-08','2004-02-03','10550 Matthew Viaduct Apt. 745, North Crystal, TN 42322','d68fdfd1-377b-43ea-8e3b-455f084b9284'),(340,'Jessica','Wilkins','324-676-3881x206','melissa93@example.com','1948-08-25','2015-02-08','904 Garcia Glen, New John, KS 53386','80ef356d-afa7-48e0-ba65-82df681abbbe'),(341,'Brittany','Willis','9046484090','ghahn@example.com','2012-08-01','2015-08-31','33227 Petty Fort Apt. 226, South Richardborough, GU 62253','dc124ed6-2365-4d4a-b77d-89a2f88a57dd'),(342,'Cynthia','Meadows','598.731.0700x8398','lambronald@example.net','1970-01-28','1984-07-28','0014 Smith Trail Apt. 196, Cynthiaview, DE 38186','b93742bc-3392-47eb-88e8-d84e1f78bf53'),(343,'Sean','Vazquez','(300)345-4498x308','qfields@example.org','1918-02-11','1985-11-14','Unit 2545 Box 9189, DPO AE 55263','c22e9a9e-78e4-4fe9-b886-cded91882aa7'),(344,'Samantha','Lawrence','779-607-2041x11316','weissmonica@example.net','2005-07-05','1974-11-07','01337 George Light, West Sharon, OH 72569','c189298c-9480-4a5a-9f07-f405af1c5f9b'),(345,'Derek','Morris','257-885-4527','patriciareyes@example.org','2019-09-09','2021-09-05','6174 Maria Branch Suite 312, New Colleen, MI 09023','10e08a20-dc54-4d93-bb96-245c0190076e'),(346,'Brandon','Williams','(815)249-7752x47734','teresahayes@example.com','1945-04-10','2004-03-27','8152 Jones Green Suite 446, Christinamouth, PW 98573','1c90fecd-e2b8-448b-9359-182ab6eb2041'),(347,'John','Phillips','8268706209','austincarey@example.net','1910-11-06','1986-11-16','1512 Charles Station, West Andrewfort, ID 15815','939c636a-0442-496e-a04a-f6be6812382f'),(348,'Victoria','Davis','001-294-450-8550x906','princejoseph@example.net','1992-03-31','2004-12-23','1352 Armstrong Expressway, Burnsville, RI 35955','5c9bb46c-7146-4b2d-aaf3-a7a47cecd054'),(349,'Amanda','Gonzales','(518)693-5357x2731','crystal31@example.net','1935-08-10','2010-10-23','99636 Nicholas Divide, New Robertton, CT 79737','65b4c3aa-6e9d-4d3f-91cf-5c276921a856'),(350,'Christopher','Allen','747.513.5311x8672','whernandez@example.org','1972-09-29','1999-03-09','7471 Barbara Island, Bonnieborough, PW 76308','74b6c1d8-c4bd-4c36-a845-4fd03d7efa05'),(351,'Kenneth','Cook','794-700-4912x17097','philipfisher@example.com','1932-08-05','1990-09-26','469 Powell Villages, Andrewville, WV 66687','77152cfe-74a9-4ef5-8f7d-dd0cd48ff6f8'),(352,'James','Crawford','(701)721-7066','jessicaking@example.org','2016-08-18','1979-10-18','22048 Jason Rapid, Kyleland, IA 50520','b3ac44bf-4f37-4c9c-88c2-48889a87f265'),(353,'William','Richards','(880)950-7842x712','morrowpaul@example.net','2022-03-14','1975-07-02','894 Moore Knoll, Port Melissafurt, IA 62437','2751d90d-6924-4ea0-9887-1ac658e9c2a6'),(354,'Stephanie','Sanford','(980)431-6418','schaeferkayla@example.net','1943-07-06','2013-10-11','717 Jennifer Brook, Lake Karenbury, WI 50979','7bff10be-888b-40e1-8e38-1c50e77332b9'),(355,'Eric','Snyder','4118645988','rlewis@example.org','1938-05-13','2009-04-20','8906 John Haven Suite 415, Sandershaven, IN 74448','e65148da-d3e7-4246-b6fb-b23e43ce2395'),(356,'Martin','Williams','(847)895-2907','tyler50@example.com','2016-10-24','1990-06-10','6665 Peter Forge, Katelynside, LA 02775','a79d4f24-f51b-49f3-b623-98bff3e62f27'),(357,'Benjamin','Nichols','456.782.3081','yangalyssa@example.com','1974-06-11','2012-04-09','1152 Kim Harbors, Trevorberg, NY 33928','c251e128-164b-4beb-b853-f106d1baee21'),(358,'Lori','Daugherty','+1-952-556-3503','roberta69@example.org','1928-07-28','1981-05-10','9365 Jason Fall, Mathewstad, AK 56592','d4c1dc2c-8955-41eb-b58d-e62a2a9f9e53'),(359,'Sally','Anderson','001-491-981-1610x7412','lfrost@example.net','1956-03-12','1993-12-14','558 Nash Mission Apt. 066, South Richard, NV 80151','70832f27-2e35-48c9-bca0-f5c37eb9ddb2'),(360,'Kathy','Atkins','475.437.3638x4022','oneilljudy@example.net','2010-12-15','2000-07-03','7222 Richard Street, Cooktown, IL 28494','1244d417-46d8-4ded-ac4b-1f5756c0d210'),(361,'Jeffrey','Johnson','794.876.1316x681','burchkathleen@example.net','1982-06-10','2001-09-12','PSC 1737, Box 1236, APO AP 62919','beb7c285-b0bc-463d-956b-ed399ae7449b'),(362,'Gabriel','May','001-550-897-7148x821','qmckenzie@example.com','2003-10-02','2016-08-09','7951 Vincent Harbors Suite 763, Sarahberg, HI 01435','f1508efb-f36b-4e87-a7c7-50afb9bdb26f'),(363,'Erica','Davidson','+1-384-951-8686x11280','awilliams@example.com','1954-11-22','1976-01-13','15080 Gina Hills, Andrewshaven, MI 39958','4977b8b6-538b-4907-b41e-076ed993ddc6'),(364,'Rachel','Mack','590-427-4363x33105','mfranklin@example.com','1991-09-29','1997-03-22','20914 Lori Villages Apt. 979, Kathryntown, TX 26617','fec0aa30-4bfd-4d30-93b0-c0397b9a4022'),(365,'Jacqueline','Roberts','(691)791-6221x762','angelasmith@example.org','1966-04-05','2010-05-03','04154 Debra Lights, South Bryanbury, LA 20820','b411e627-ba5f-4102-9dd7-1740fa7d44b8'),(366,'Lisa','Miller','(678)570-3416','garypalmer@example.net','1995-11-16','2020-01-15','735 Megan Street Suite 376, New Dennisland, DE 80071','cf211531-11a5-48b4-9d8c-f6612376be37'),(367,'Jessica','Wells','001-208-918-8864x367','gonzalezandrew@example.com','1923-04-13','2009-06-28','689 Smith Junctions, Scotttown, AK 84252','05ad8ae0-f40d-4051-812c-d0dd438a5fa0'),(368,'Tracey','Martin','001-834-380-9802x9450','mcgeeangela@example.com','2008-12-04','2011-10-26','8643 Caitlin Harbor, Lake Brian, NY 13861','a72a2892-524c-4ab6-8756-d46129130779'),(369,'Mary','Jefferson','430-631-2538','patriciaevans@example.org','1982-05-26','2007-05-18','95960 Wendy Stravenue, Brandonville, MI 15269','260718be-54da-410e-8589-b602c6504d43'),(370,'Joshua','Brown','+1-931-959-6048x48959','tylerlewis@example.org','1914-10-08','1991-08-03','23002 Bush Key, Nelsonhaven, AZ 36691','686d8cbc-0bcf-4409-8e7e-9d66b27d578f'),(371,'Donna','Robinson','+1-455-966-2299x6523','johnsantiago@example.com','1943-01-11','2019-09-26','068 Hood Oval Apt. 652, Lake Alicia, KY 68191','d708bae6-47f4-49e4-8c9f-a5ad9f5596c8'),(372,'Bobby','Hancock','436-263-8825x247','benjamin86@example.com','1935-10-25','1985-12-17','663 William Squares, New Jerry, MP 97710','41d66f93-e604-43ab-836e-b3ffdbc0b5cb'),(373,'Anthony','Davis','(382)677-9736x96723','nhenry@example.org','1987-06-16','1999-05-13','9456 Ryan Square Apt. 741, North Sarahburgh, VI 68567','c782f047-40ec-459d-9a64-cadec60795d4'),(374,'Manuel','Stafford','9235327309','graybrittany@example.org','1948-09-09','2016-07-01','5431 Fred Expressway, Bakerside, WA 45200','20d3b7a2-8307-4d37-a308-37d8b6642b4a'),(375,'Karina','Alvarez','(225)935-3904','dominic17@example.net','1998-05-10','1985-05-02','6969 Amy Ridges Suite 401, Darrellville, VI 50549','467aeedf-df7d-4a7f-beda-29d3f3a45942'),(376,'Tammy','Jones','+1-323-476-6477x71830','susan95@example.net','1974-08-26','2000-12-07','238 Bartlett Fords, Johnside, WI 39301','00044cc6-0045-41b9-990f-e5f2693e0554'),(377,'Vanessa','Johnston','942-647-1527','julie30@example.net','1916-07-30','1974-07-08','7888 Brown Bypass Suite 642, New Mary, NY 11995','d249bde7-2b18-4a41-bdd9-412b006f6b6b'),(378,'Shelley','Santana','+1-732-958-7017x2202','moorecarla@example.com','1916-05-08','2011-05-03','21934 Rodriguez Ridges Suite 848, West Ellen, MP 51163','7e2c1f07-c64c-45fa-8ac2-49884a275a24'),(379,'Jennifer','Hickman','680-539-2555x271','shawn50@example.com','2005-04-29','1979-01-08','809 Amy Radial Apt. 915, Johnsonport, MH 82386','e8b8bb1f-2162-4502-bab3-61a7ac1c74ce'),(380,'Michael','Holland','751.794.0575x019','jeremy21@example.net','1930-07-09','1992-02-29','1735 Nelson Estates Apt. 658, Hopkinsburgh, MO 17960','943b6ddb-7dec-4224-9834-f973a51c0ac9'),(381,'Robert','Robertson','+1-940-562-4580','scottdakota@example.net','1956-12-02','1974-11-03','49276 Tiffany Center, New John, KS 57163','83100880-509f-4dc1-a493-f185330a9d16'),(382,'Scott','Harvey','(965)966-2003x42954','jordanjamie@example.org','1984-10-04','1976-03-11','5034 Kenneth Greens, Kellerport, AK 96694','6bfb32fb-1f81-4bc9-8908-5da5fb2f3576'),(383,'Meghan','Cox','(390)573-9292x145','brandon51@example.org','1921-04-17','1997-05-16','279 Julie Road Suite 675, Chamberschester, WY 60084','f4a4ecc5-84dd-4016-911c-53ff2afa99d7'),(384,'Sheila','Taylor','+1-286-420-9460x7360','clarkscott@example.org','1914-09-21','1999-09-04','46887 Marc Plains, North Michelle, MT 09126','880d01a9-a051-41ed-b737-66a2ffa17c18'),(385,'Nicole','White','650-531-8772','cindy69@example.com','1916-03-17','2000-01-08','6463 Williams Cove Suite 714, New Katrinamouth, NM 84082','9c406320-9409-40dc-a4f2-4f9722544087'),(386,'Dale','Lee','902.900.9010','pjohnson@example.org','1933-07-14','1989-11-16','470 Marshall Pine, Richardshire, KY 45012','fda3de44-a67e-4e16-a9a5-f7ea1b177762'),(387,'Dustin','Jackson','001-796-219-3603x182','thomasbrittany@example.org','2015-03-26','2023-09-04','2079 Hernandez Estates Suite 060, North Christopher, CO 92987','077a2799-fab6-48c8-b81b-6b3539c95ef3'),(388,'Jade','Kent','(357)696-3253','austingardner@example.com','1982-09-02','1993-05-13','314 Glover Corners Apt. 436, West Jessica, OH 20263','da65d4b2-ccb8-4fb1-ac93-81e5a7746d94'),(389,'Chase','Melendez','269-501-6764','woodsnicholas@example.net','1943-08-01','1979-07-23','9237 Cheyenne Port Suite 972, Perezbury, AR 99270','5d967c49-1a88-4ac2-ba9b-6c09d3f2ef81'),(390,'Stuart','Estrada','001-876-599-1724x898','jonathanhernandez@example.net','1948-10-16','1984-10-31','25304 Garrett Trail Suite 493, North Thomas, WY 80031','5dcbd329-72c4-45f4-b969-9e7567449c1f'),(391,'Jeanne','Greene','9588651503','rcrawford@example.com','1937-02-21','1971-01-20','65029 Michael Ridge, Lake Anthonyburgh, NM 73718','72c637b6-0c26-4639-927f-01205fc04c6f'),(392,'Rodney','Waller','418.378.9142x932','padillarobert@example.com','1930-04-09','2015-11-24','154 Allen Flats, Lake Georgeborough, NH 06099','bdc38420-f143-4e43-90e3-61370614169c'),(393,'Alexander','Garcia','(723)379-9419x06942','bauerkevin@example.net','1910-03-05','2001-10-25','1416 April Rapids, Lindashire, CT 13107','b9f07c54-dedd-41a0-8414-fd0c8bf714b2'),(394,'Janice','White','(443)294-5477x526','mary77@example.com','2015-06-02','1992-12-29','62208 Garcia Club Apt. 833, Lambertburgh, GA 01260','5bfa9ee5-60b8-4478-ad19-540b0e7a71a8'),(395,'Whitney','Huff','001-735-321-3483x2209','farrelltimothy@example.com','2021-10-27','2014-04-07','1596 Sergio Motorway Suite 538, Johnmouth, AR 96773','7c1084ef-4774-459f-a133-6dcb8ca54069'),(396,'Victoria','Howard','(588)581-4460x7644','jennifer97@example.org','2019-05-27','2004-10-10','072 Amanda Mount Apt. 074, Peckland, WY 35970','ea25557a-2414-4420-835f-7f75a0aac116'),(397,'Christopher','Nguyen','935.768.6312x200','kbennett@example.net','1926-07-17','1983-04-24','45032 Shaffer Divide Apt. 870, Georgeland, KY 25526','43d9688e-925e-47df-93bf-fee8ba803d18'),(398,'Christopher','Stuart','001-207-456-9389','patricia56@example.org','1995-09-15','2023-02-14','Unit 3570 Box 3127, DPO AE 02558','ec855bf4-986d-4f2b-9b41-264e331e2708'),(399,'Charlotte','Ibarra','001-408-538-4638x42637','juliepeterson@example.net','2002-12-21','1988-12-27','63589 Maria Junctions Suite 505, Feliciatown, GA 67251','5f26b6f1-713f-4be7-b027-173e25785b3d'),(400,'Meghan','Hamilton','+1-384-633-6929x0685','kfox@example.net','1957-06-22','1994-06-02','2822 Garcia Shores, Port Trevorfort, FL 81438','8a693c17-ec2d-4abd-96ff-213f0e01153b'),(401,'Terri','Rogers','(765)670-9603x78945','kelseycox@example.org','1968-10-04','1993-01-20','3435 Kelley Parks, New Steven, ID 21410','730020e9-18d2-4ab6-b55d-1f9d687d983f'),(402,'Joel','Phillips','326-452-3939x2300','daniellenorris@example.net','1977-12-26','1998-07-23','49902 Kathy Parkways Apt. 286, Davidside, VI 14290','f70ea4b7-df97-4469-8960-7bc9a07a4817'),(403,'Jennifer','Yoder','277-487-2554x982','christina93@example.com','2013-03-08','1989-02-09','1301 Sharon Streets Apt. 014, North Barbaraton, ME 23707','25cf3421-617e-464c-b81d-f90609c3729e'),(404,'Robert','Eaton','5696943794','andressmith@example.com','2016-09-09','2021-11-02','36532 Robinson Trace, East Christinashire, NY 77271','51b7f1ff-243f-4bf9-8044-49d2a2cb5bda'),(405,'Randy','Berg','263-589-9696x0166','sarahsimpson@example.com','1982-12-25','2016-11-03','USCGC Huynh, FPO AE 80752','a52cd1cd-e698-43ab-8d39-76ca1bbe4f13'),(406,'Teresa','Mcdaniel','507.589.6838','daniel28@example.net','1946-08-21','1991-09-14','3355 Collier Loaf Suite 435, West Katrinaside, PW 40961','2f10ced9-923c-43a2-8e00-fdf5fb168000'),(407,'Gregory','Gaines','+1-452-450-4463x15955','rsmith@example.net','1989-11-17','1973-08-15','11047 Selena Isle Suite 988, Petersontown, WV 38320','3f6b433a-1a8c-492b-89a5-0ff2fc39264b'),(408,'Joshua','Davis','386.659.5594x34967','qgarrett@example.net','1976-06-26','2022-01-10','1617 White Prairie Suite 166, New Deborahhaven, VI 95852','28f4fb5d-a19f-4d59-a4a3-3dfde6da6a6f'),(409,'Bobby','Johnson','001-488-746-0023','natalie07@example.com','1999-04-15','1981-01-24','8685 Yolanda Circles Suite 706, Hollybury, MO 48220','0a0d557a-5115-437a-8bb8-456fb6a2248d'),(410,'Sara','Fowler','+1-546-440-1266x127','taylorteresa@example.org','2020-04-18','2018-04-11','305 Huber Tunnel, South Jessica, TN 46850','ae529335-927d-42da-9fd8-d26dffef43fe'),(411,'Casey','Thomas','001-547-388-7566','cathydavis@example.com','2023-07-13','1990-09-14','54757 Ralph Gardens, Port Oliviaside, SD 63756','ad5b8e30-4686-4153-b95a-8aa517e417a7'),(412,'Justin','Powell','(206)539-0268x012','markjenkins@example.org','2003-12-03','2004-10-26','USCGC Carter, FPO AA 16396','112ab76f-74d3-4ebd-89c2-cb6f6277744a'),(413,'Maria','Maxwell','235.774.2686x62923','msingh@example.net','1971-11-18','1987-08-06','60980 Brown Haven, Solisview, HI 78835','b1962ff6-361f-4ba3-83f2-344174d66799'),(414,'Deanna','Barnes','+1-807-963-5806','henrytimothy@example.com','2008-12-03','2010-03-10','84138 Marshall Coves, Port Erikaborough, NH 60602','3092a60e-f076-4acc-ab29-1ba5d59ed6d5'),(415,'Bruce','Pratt','+1-223-613-8954x42216','dannywalker@example.com','1987-04-14','1990-07-25','248 Gilmore Knolls Apt. 891, South Kelseyview, RI 92605','ef9e4db4-6b81-49ed-9235-61b5ca592023'),(416,'Sarah','Green','204.480.8131x607','lori74@example.org','2009-08-05','2014-09-20','57610 Barrera Trail Apt. 734, Courtneymouth, OK 66213','62a7408b-9264-4dd7-8529-b90aebb8fc50'),(417,'Kimberly','Ward','001-390-877-1287x660','nicholscynthia@example.org','1999-08-29','2017-01-12','045 Francisco Lakes, Reedmouth, TN 00883','2969d596-097e-4b6b-a805-229a4b0ed634'),(418,'Thomas','Scott','+1-933-836-1038x265','afowler@example.net','2001-06-21','2007-12-15','44270 Brian Trace Suite 703, Lyonschester, MA 43476','3b092f8f-5dc1-4ac8-a8de-64b8310fbaa7'),(419,'Austin','Rogers','909-374-3283','mckaydeborah@example.net','2017-05-11','1974-03-22','53597 Ortiz Ports Apt. 969, West Kathymouth, KY 60980','214602ca-aef0-48b4-a588-60e537500b09'),(420,'Daniel','Cunningham','(595)889-7560x66224','ryanrussell@example.net','2008-01-04','2006-11-16','19303 Joseph Groves Suite 491, Lake Lisaside, CA 53588','af337763-e1a0-4a72-96c6-8954c7bbde60'),(421,'Travis','Sharp','(270)535-8694x991','jonessierra@example.net','1930-05-17','1978-04-23','116 Lopez Union Apt. 712, South Thomas, MP 59328','abffde3d-4bd3-4f9f-a21e-4661bb9bfd30'),(422,'Holly','Mccoy','868.738.6598x645','yharrington@example.com','1952-09-26','1974-10-31','63369 Chris Mountains Apt. 570, Lake Carriefurt, IL 97084','320b546c-7ea1-4426-b2d1-f1332e67a006'),(423,'Anthony','Larsen','+1-815-449-6208x527','navila@example.net','1960-05-15','2015-03-08','2983 Raymond Motorway Suite 232, Crawfordchester, VI 33614','8ec93172-39c4-41ef-bd3e-a2e6830e090e'),(424,'Stephanie','May','(555)260-1147','prestonbobby@example.org','1911-12-25','2001-12-21','839 Hawkins Turnpike Suite 958, Thomasmouth, KS 64418','7f7e99a0-56d1-4a86-a395-f1686d7c6c23'),(425,'Sandra','Gonzalez','957.572.8500x55033','ychavez@example.net','1923-02-11','1996-10-15','2174 Baker Fords Apt. 318, Jacksonfort, CA 81465','400c7614-6ca5-4df4-b4ac-c0640af713bb'),(426,'Susan','Nguyen','(293)558-2679x12316','sarahgarcia@example.com','1968-01-30','2016-04-03','51397 Crosby Overpass Apt. 115, Hallshire, WA 99313','de50d5ed-73ca-4422-98cc-8f4065b426cd'),(427,'Jessica','Gomez','718.842.9644','brownjohn@example.org','1984-08-05','2018-09-09','82594 Martin Flats Suite 371, Shawhaven, AZ 76696','9ba955af-1447-4f1e-84f7-5d2b48b804ee'),(428,'Shawn','Gonzales','766-944-1891x7826','gregorywood@example.org','1918-08-04','2017-09-22','60078 Bonnie Burgs Apt. 481, New Tyler, GU 37460','adbc2619-31de-44bc-99f7-6ed16bb49950'),(429,'Elizabeth','Cole','+1-429-879-3977x831','pmiles@example.org','1950-07-16','1994-09-03','477 Daniel Points Suite 758, Lake Ashley, FL 39990','9d45ba0a-be3a-4c2b-8ca2-788f1581d1df'),(430,'Christopher','Martinez','(954)593-4821','brent93@example.org','2020-03-24','1971-02-07','14113 Diaz Stream, West Sharon, NE 84156','0417cbcd-e5e5-4b1f-94b0-01106cc612fd'),(431,'Pamela','Brown','3716001687','gprice@example.org','1921-10-27','1999-05-30','PSC 4484, Box 1399, APO AE 71478','01529523-3d60-4e83-977d-b612a5c14162'),(432,'Rickey','Thomas','+1-743-431-8549x051','stevenlewis@example.org','1996-06-07','2018-06-14','0414 Amber Street, North Jesusmouth, CA 76363','3acca587-45c8-4c10-834a-07d3566c8d1d'),(433,'Melissa','Salazar','(642)711-1424x6220','xwilliams@example.net','1983-12-02','2001-10-18','36776 Fernandez Unions, Carolburgh, GU 83572','0777df1e-12c8-43ed-b337-23f31d933630'),(434,'Kristine','Schmidt','+1-864-844-3145x85230','howelladrian@example.net','1956-12-14','2001-12-30','178 Miller Skyway, Gonzaleshaven, DC 70536','3a0da3c3-21d4-4c33-8fce-de36ca5f5a4d'),(435,'Heather','Combs','806.926.7249','scottgarcia@example.org','1956-02-12','1979-01-05','895 Reed Lake, Georgeport, MD 44397','58e1de7e-4ee5-44f6-8da5-5748cab775c8'),(436,'Ray','Martinez','+1-605-566-6858x50032','christensenjade@example.org','1956-11-26','1976-08-28','062 Hayes Neck, Port Sonya, GA 51068','d97a43c7-7f21-45eb-b0f4-63aaf29df16c'),(437,'Dawn','Young','376-897-1017x4941','reedshawn@example.org','1949-02-09','1986-01-28','833 Casey Well, Jonathanshire, AL 36312','4527a991-f0fa-43a0-bddf-9628b3c42cb1'),(438,'Alice','Duncan','612-446-5736','scottnavarro@example.org','1990-05-13','2004-09-23','33842 Shelby Crescent, North Sydney, MT 63221','3d054b82-fef8-4eb1-b181-acedec222d9c'),(439,'James','Tyler','669.378.8997','charles99@example.com','1994-01-06','1988-01-11','3367 Herrera Roads, Lake Kimberly, PR 55372','e9483839-195c-47a3-b6c5-daa2d86ed434'),(440,'Michelle','Cochran','+1-843-577-8755x060','baileymelanie@example.com','1908-10-18','2023-05-19','523 Sonya Roads, Matthewborough, MT 09492','9e4d84bc-b42b-42b9-929a-f0c8260cfe10'),(441,'Michael','Carrillo','+1-865-754-6579','morganjoshua@example.com','1950-09-24','1993-03-28','Unit 3763 Box 0011, DPO AP 24877','8a651b3f-4193-43e9-aef2-f304bfcb0594'),(442,'Thomas','Spencer','+1-295-425-5491x5877','frank71@example.com','1933-06-08','1972-11-06','0273 Turner Orchard Apt. 108, Gallaghershire, WI 97559','e9151639-dd21-4590-8176-aa92f4d6acc4'),(443,'Shawn','Santiago','(964)970-4545x9171','pscott@example.org','1960-04-03','1998-03-19','33060 Jill Mission, Elizabethville, AZ 55221','c13d5bb1-3296-498a-84d4-5248c7f54267'),(444,'Crystal','Andrews','+1-272-399-2265x50207','juliedavis@example.org','1918-11-16','1986-01-01','Unit 8972 Box 4411, DPO AP 35171','af357531-1da2-4ab4-8e99-472fc8582043'),(445,'Devin','Aguirre','807.703.5716','stephanie04@example.net','1922-03-28','1985-03-31','3793 Raymond Camp Apt. 849, Jeffreymouth, OR 98591','d3386f97-8c8a-4239-999c-287ba4682e62'),(446,'Kristi','Wells','001-844-616-7014x3925','hschmidt@example.org','1920-01-26','1977-08-17','50591 Garcia Route Suite 442, Tyroneside, NM 58360','81cc7112-348a-4410-afc6-03b92122c27c'),(447,'Christian','Wilkinson','9249475784','ineal@example.net','1986-05-20','1994-05-04','06971 Tonya Mountains, East Tyler, MD 45186','0e68b4d2-5457-401a-bdf2-0cc2e53cbd13'),(448,'Justin','Smith','(300)506-8499x823','pagemia@example.net','1971-07-03','1985-06-12','431 Martinez Coves, Paulshire, WY 65031','de0ffec2-2177-4a84-b10d-d052d1057595'),(449,'Brittany','Smith','001-246-629-8912','farmeramber@example.net','2006-11-22','2000-09-08','5662 Smith Ridge, Thompsonside, NC 53001','7dcc2fab-0991-4e84-bb58-81c3619af399'),(450,'Cameron','Sanders','001-814-815-6260x70148','rachelholder@example.com','1946-05-07','1978-03-25','6595 Acevedo Loaf Apt. 802, Port Mariafurt, IN 95064','8772a86a-9e91-402b-877e-23f14d1fb1e1'),(451,'Micheal','Tate','001-446-817-1463x280','michael28@example.net','1959-01-10','2018-09-30','3158 Wells Landing Suite 818, Cherylport, MA 17370','32abcc0f-21cc-40f7-8c3c-b4156e0830db'),(452,'Nicholas','Hansen','(891)378-0359x5840','wrobinson@example.com','2022-07-05','2018-04-28','USNS Butler, FPO AP 39267','2a209dc6-e943-4be9-8d6a-2da606ba801a'),(453,'Brenda','Villanueva','(499)599-2975x6346','obrientiffany@example.com','1979-08-17','1971-03-31','Unit 4411 Box 1159, DPO AE 35271','ffeed7c0-6cca-4777-9976-fc775b3a0942'),(454,'Jennifer','Thompson','228-662-4396x0006','julia35@example.org','2000-06-02','1975-05-16','Unit 5808 Box 0301, DPO AP 59074','15d5cdc0-6262-4412-a09e-75a636dc0f73'),(455,'Nicole','Baker','(282)513-3599x312','williamsalinas@example.com','1929-02-25','2010-08-06','189 Young Motorway Apt. 651, Garciaville, AZ 59278','14254af2-216f-4209-8a2d-1648654ef630'),(456,'Elizabeth','Ponce','001-694-712-5477','eparrish@example.org','1977-03-11','2005-01-02','904 Barbara Motorway Apt. 892, Espinozamouth, WI 14557','3ec2e034-9fe3-427c-80fa-8b7e981ccedb'),(457,'Donald','Jones','+1-678-664-9054','vroberts@example.com','1991-11-08','2002-02-20','3805 Miller Lake Suite 994, Dakotachester, FM 97972','257d3631-3501-463b-b79f-88803df697f7'),(458,'Michael','Ellis','387-435-3034','cookealexander@example.com','1926-11-07','1994-06-04','4062 Le Summit, East Michele, KY 63153','72a25fdb-df66-4464-a1d5-e452345cd7bd'),(459,'Christopher','Page','001-574-568-1668x45900','jeffrey66@example.com','1964-06-18','1990-05-28','328 Scott Squares, Lake Tammyborough, NM 92523','220b85b9-9140-4793-a0dd-3b49bf5a94b4'),(460,'Daniel','Vang','448-382-6125x7261','andrewcruz@example.org','1958-08-16','1989-07-02','315 Hull Shoals, Jenniferfurt, MA 90380','7d0363c6-4c51-490a-8b1e-1b5dadf1de28'),(461,'Michael','Goodman','(947)746-9444x9933','olivia94@example.com','1921-01-12','1994-02-17','90204 Lang Dam, Ricardomouth, IN 85755','2fa43145-8350-466d-84b4-d5810f81837e'),(462,'Kristina','Peck','304-509-2660','crystal52@example.org','1962-04-15','1974-01-11','USS Lee, FPO AE 75310','bcb2f181-ef87-4890-826d-6feb262c5e78'),(463,'Larry','Myers','3819282638','wendy53@example.com','1960-04-21','1995-05-27','054 Raymond Street Suite 406, North Kristy, OH 14134','0f1fbb46-f126-4bd1-aa76-62827c9dbfe5'),(464,'Mark','Frye','742-450-5743','goodmanjamie@example.net','1952-10-11','2008-08-05','286 Vargas Dale Apt. 255, North Adam, LA 03818','2531e8a6-c095-4410-b13f-ecfe0cc705b5'),(465,'Peggy','Hayes','(922)933-2511x0059','lopezshannon@example.org','1998-01-04','1973-11-04','2545 Christopher Skyway Apt. 089, Robertsside, OK 66624','4df85ac7-cb43-4494-9088-bba6bb243668'),(466,'Joe','Wise','(624)880-3997x153','isabellaandrews@example.org','1964-09-06','2023-06-22','5008 Nathaniel Hollow, Lake Rodney, RI 14449','894f99ca-3970-4487-96f2-bf892f33e7dd'),(467,'Bridget','Bowers','001-224-388-7792x405','robertschristina@example.org','1976-08-23','1974-06-04','88138 Hernandez Roads, West Jason, PA 54842','9702dcb6-b4be-4d0e-ba4a-586f6a5c7082'),(468,'Edward','Ellis','740-312-1769x06087','gordoncharles@example.org','1911-04-07','1985-05-25','574 Sherri View Apt. 593, Yolandaland, OH 47987','08849171-ba94-4092-b97c-71d8792f81c2'),(469,'John','Pierce','726.439.0360x742','veronicaalvarez@example.net','1948-11-19','1987-04-21','1860 Cindy Islands, Kevinbury, WY 17350','9c1737cf-7fc0-4444-a114-1fd009a20a51'),(470,'Jenna','Boyd','875-478-8274x26158','nsantiago@example.com','1923-04-15','1977-08-17','645 Zachary Forge, New Angelport, AK 70251','4428448b-8a92-4a03-8f44-f0420c5627a4'),(471,'Angela','Adams','+1-574-889-6180x48117','timothy41@example.com','1926-10-12','2008-05-14','899 Amber Falls Suite 208, Coxshire, DC 98790','b35ec099-fd4c-44d3-b838-55e2728cda91'),(472,'Samantha','Terry','(386)209-9644','sandrabryant@example.org','2000-09-13','2015-02-02','613 Price Ridges, Port Ericburgh, SD 61220','93c4350c-7d30-477e-aab4-6d136636d6ef'),(473,'Rebecca','Stewart','4173719936','davenportalexandra@example.com','2010-12-20','1990-05-11','8000 Hill Lodge, Moranberg, TN 04621','ec03ba5d-fd6b-426f-be70-277259fbce7b'),(474,'Daniel','Torres','9655938950','dvazquez@example.net','1947-10-01','1999-07-19','903 Castillo Landing, Sierraland, DC 32415','f5e73fe9-917d-48b9-9329-95d45f852629'),(475,'Stephanie','Howard','661-214-2692','wtorres@example.org','1932-02-23','1998-04-02','38008 Gomez Fork, New Melissa, ME 97247','aaa4c9b0-3da3-4870-a309-0214a30b41a1'),(476,'Carl','Hernandez','(515)860-3496','nwright@example.net','1927-10-15','2016-02-08','1164 Johnson Trail Suite 049, New Katelyn, OK 06470','d36d15df-b414-41c3-921f-8f5d5a1a024b'),(477,'Mary','Krueger','001-545-672-0613x5656','jhampton@example.net','1987-01-11','1996-06-14','691 Martinez Meadows, Davidmouth, TN 44842','eb634a6d-136f-4160-af15-f81786a2c284'),(478,'Daisy','Coleman','536.902.4183x3558','joneslarry@example.com','1947-02-27','1972-08-31','579 Debra Road Suite 745, New Kevin, KY 86940','0498715d-fc3c-4762-8571-b8976a5998e1'),(479,'Allison','Jones','764.732.0107x069','micheal06@example.com','1954-06-18','2011-12-22','853 Justin Path, West Heatherside, SD 92150','94c2bd22-80c8-4f68-86f9-ee2bb61550a7'),(480,'Angela','Rodriguez','803.494.8166x720','underwoodallison@example.org','1975-07-24','2019-04-12','84778 Jamie Ramp Suite 187, South Ashleybury, MI 60892','d1496855-a8b7-4441-bb24-cca60eea2463'),(481,'Patricia','Lin','248.251.6239x876','rita35@example.com','1936-09-23','1973-09-08','49239 Ingram Creek, Cherylberg, ID 05877','6e96ea97-ba67-4c49-a38e-8db04e87787d'),(482,'Renee','Johnson','881-783-2084','benderemily@example.com','1923-05-13','1986-09-16','229 David Stream, Jessicatown, NJ 40713','f66b8979-a837-456c-b884-82ab6bbb6d90'),(483,'Douglas','Sanchez','(568)376-9116x7677','phillipsdanielle@example.com','2018-09-03','2008-05-05','Unit 4889 Box 9714, DPO AP 09167','1ee1133e-d433-404e-b64b-9eda78238ef9'),(484,'Mitchell','Anderson','582.620.6585','isaac86@example.com','1944-07-19','1971-11-09','PSC 9806, Box 0002, APO AA 34213','fb412abb-14e1-4577-8d4d-d4a7097fc8be'),(485,'Pamela','Drake','833-780-6942x289','westrada@example.org','2021-02-11','2005-12-19','981 Nicole Fords, Ruizview, MH 17275','4b8b1035-19d5-48aa-88e8-cb5b66071026'),(486,'William','Jackson','806-267-9589x44129','bartlettjoseph@example.org','2006-12-14','1988-11-17','18581 Tommy Plaza, Benitezstad, VT 12513','9ef0e9ad-fa00-42cb-83c6-5d1bbca2f69c'),(487,'Wendy','Vaughn','(762)331-2556x64685','hectorhart@example.com','1925-08-29','1975-11-20','1458 William Village, Susanshire, PW 50302','0f86efca-401d-42dd-964c-dc870ee821a3'),(488,'Michelle','Barnes','(574)591-7301x251','debbiepruitt@example.com','1945-01-08','2006-07-15','40333 Mooney Streets Apt. 326, Randychester, MA 13170','0dd96df7-1724-4142-8e42-57a355e57cda'),(489,'George','Benjamin','+1-291-520-8303x9893','peterswilliam@example.net','1943-08-05','1990-03-30','339 Shannon Land, West Heatherstad, OK 28764','9b3cd3a4-2d2c-4d5b-a745-9860177ea8ea'),(490,'William','Garcia','+1-514-918-2239x200','alyssa58@example.net','1967-07-13','2006-01-16','990 Brown Lights, Randallburgh, AR 17920','9ce8db3c-5f4c-4329-a1dc-abfc63192090'),(491,'Rachel','Green','999.245.9614x7008','icarrillo@example.org','2018-10-31','1991-05-12','Unit 5213 Box 5781, DPO AA 73331','fa734d50-c7cf-40cf-bf34-4caf11332a63'),(492,'Amy','Clarke','2994872325','cassandralynch@example.org','2020-12-01','1973-09-11','USNS Odonnell, FPO AE 22193','ac3bfa6d-24ad-413c-8861-89aedd47ce72'),(493,'Matthew','Hickman','001-646-493-7955x0776','donaldmunoz@example.com','2018-12-04','1995-11-02','71378 George Forest Apt. 436, Smithport, AK 05773','4286c063-2aeb-4d79-a8c6-03ff48b313a1'),(494,'Craig','Miller','(473)582-7452x464','barajastiffany@example.com','1911-01-26','2005-04-12','658 Amber Tunnel, Lake Rachael, WY 36123','219548ca-aa23-4343-aa13-ca666113a161'),(495,'Kristina','Miller','933.863.3916x844','courtneygonzalez@example.com','1998-02-18','1979-05-03','31770 Heidi Ferry Apt. 818, Parkbury, OR 64379','ac6c4ab9-02af-4071-ba00-f280f3aa2210'),(496,'Emily','Harvey','9857855263','edouglas@example.com','1981-06-12','2021-08-16','252 James Unions, Lake Peterview, MH 29193','269c712b-0a22-418f-8618-dc7dec4b7286'),(497,'Matthew','Merritt','001-745-450-4477x7534','meganlee@example.org','1972-01-21','2009-09-25','496 Molly Island Suite 303, East Jonathan, SD 49657','019285ae-339d-4430-a1f2-0ab6ce7b9437');
/*!40000 ALTER TABLE `members` ENABLE KEYS */;
UNLOCK TABLES;

--
-- Table structure for table `transactions`
--

DROP TABLE IF EXISTS `transactions`;
/*!40101 SET @saved_cs_client     = @@character_set_client */;
/*!50503 SET character_set_client = utf8mb4 */;
CREATE TABLE `transactions` (
  `id` int NOT NULL AUTO_INCREMENT,
  `member_id` int DEFAULT NULL,
  `card_type` varchar(99) DEFAULT NULL,
  `card_holder` varchar(99) DEFAULT NULL,
  `card_number` varchar(99) DEFAULT NULL,
  `expiry_date` varchar(99) DEFAULT NULL,
  `cvc` varchar(99) DEFAULT NULL,
  PRIMARY KEY (`id`),
  KEY `member_id` (`member_id`),
  CONSTRAINT `transactions_ibfk_1` FOREIGN KEY (`member_id`) REFERENCES `members` (`id`)
) ENGINE=InnoDB AUTO_INCREMENT=3 DEFAULT CHARSET=utf8mb4 COLLATE=utf8mb4_0900_ai_ci;
/*!40101 SET character_set_client = @saved_cs_client */;

--
-- Dumping data for table `transactions`
--

LOCK TABLES `transactions` WRITE;
/*!40000 ALTER TABLE `transactions` DISABLE KEYS */;
INSERT INTO `transactions` VALUES (1,1,'VISA 16 digit','Sean Noble','4058569988755770 04/32','CVC: 248',''),(2,1,'JCB 16 digit','Jeremy Ward','3552117248802553 06/31','CVC: 796','');
/*!40000 ALTER TABLE `transactions` ENABLE KEYS */;
UNLOCK TABLES;

--
-- Final view structure for view `class_attendance_view`
--

/*!50001 DROP VIEW IF EXISTS `class_attendance_view`*/;
/*!50001 SET @saved_cs_client          = @@character_set_client */;
/*!50001 SET @saved_cs_results         = @@character_set_results */;
/*!50001 SET @saved_col_connection     = @@collation_connection */;
/*!50001 SET character_set_client      = utf8mb4 */;
/*!50001 SET character_set_results     = utf8mb4 */;
/*!50001 SET collation_connection      = utf8mb4_0900_ai_ci */;
/*!50001 CREATE ALGORITHM=UNDEFINED */
/*!50013 DEFINER=`root`@`%` SQL SECURITY DEFINER */
/*!50001 VIEW `class_attendance_view` AS select `c`.`class_id` AS `class_id`,`c`.`instructor` AS `instructor`,count(`a`.`attendance_id`) AS `total_attendance` from (`classes` `c` join `attendance` `a` on((`c`.`class_id` = `a`.`class_id`))) group by `c`.`class_id` */;
/*!50001 SET character_set_client      = @saved_cs_client */;
/*!50001 SET character_set_results     = @saved_cs_results */;
/*!50001 SET collation_connection      = @saved_col_connection */;
/*!40103 SET TIME_ZONE=@OLD_TIME_ZONE */;

/*!40101 SET SQL_MODE=@OLD_SQL_MODE */;
/*!40014 SET FOREIGN_KEY_CHECKS=@OLD_FOREIGN_KEY_CHECKS */;
/*!40014 SET UNIQUE_CHECKS=@OLD_UNIQUE_CHECKS */;
/*!40101 SET CHARACTER_SET_CLIENT=@OLD_CHARACTER_SET_CLIENT */;
/*!40101 SET CHARACTER_SET_RESULTS=@OLD_CHARACTER_SET_RESULTS */;
/*!40101 SET COLLATION_CONNECTION=@OLD_COLLATION_CONNECTION */;
/*!40111 SET SQL_NOTES=@OLD_SQL_NOTES */;

-- Dump completed on 2023-11-26 22:09:33
